id_solicitud,fecha_solicitud,tipo_producto,id_cliente,monto_o_limite,moneda,pais,flag_prioritario,flag_digital
SYNTH-0094,18/07/2025,SERVICIO,CLI-193,22040,USD,Paraguay,N,N
SYNTH-0492,30/12/2025,TARJETA,CLI-591,552984482,USD,Colombia,S,S
SYNTH-0726,10-09-2025, Servicio,CLI-825,29046, USD ,  uruguay,N,S
SYNTH-0232,05/04/2025,SERVICIO,CLI-331,583864454,USD,Chile,N,N
SYNTH-0188,28/06/2025,PRESTAMO,CLI-287,45978505,USD,Paraguay,N,S
SYNTH-0262,18/07/2025,SERVICIO,CLI-361,10988,USD,Colombia,N,N
SYNTH-0866,05/04/2025,SEGURO,CLI-965,303387,pesos argentinos,Mexico,N,S
SYNTH-0706,2025-06-10,,CLI-805,40186,Eur,colombia  ,N,S
SYNTH-0960,15 de marzo del 2025,CUENTA,CLI-1059,143649973,euros,Argentina,N,N
SYNTH-0597,2025-01-15,tarjeta,CLI-696,936057053,usd ,brasil,S,S
SYNTH-0594,32/13/2025,PRESTAMO  ,CLI-693,97610079,ars,  Argentina,S,S
SYNTH-0274,10/09/2025,SEGURO,CLI-373,963137215,USD,Paraguay,S,S
SYNTH-0068,15/03/2025,SEGURO,CLI-167,618757025,USD,Paraguay,S,S
SYNTH-0264,28/06/2025,SEGURO,CLI-363,985013217,EUR,Argentina,S,S
SYNTH-0106,22/11/2025,SERVICIO,CLI-205,427294470,ARS,Uruguay,N,N
SYNTH-0973,28/06/2025,PRESTAMO,CLI-1072,2157,ARS,republica argentina,N,N
SYNTH-0778,32/13/2025, Servicio,CLI-877,105612,usd ,  Argentina,S,N
SYNTH-0334,22/11/2025,PRESTAMO,CLI-433,48838,ARS,Brasil,N,S
SYNTH-0026,10/09/2025,TARJETA,CLI-125,27634,USD,Argentina,S,N
SYNTH-0604,2025-03-20, Servicio,CLI-703,444769174,usd ,  uruguay,S,S
SYNTH-0793,05-12-2025,PRESTAMO  ,CLI-892,2429,GBP,colombia  ,N,S
SYNTH-0556,20-06-2025,  CUENTA ,CLI-655,7308, ARS,brasil,S,S
SYNTH-0476,05/04/2025,TARJETA,CLI-575,914746977,ARS,Chile,S,S
SYNTH-0414,15/03/2025,PRESTAMO,CLI-513,35723,ARS,Chile,S,N
SYNTH-0122,18/07/2025,CUENTA,CLI-221,73775,USD,Brasil,S,S
SYNTH-0037,15/03/2025,PRESTAMO,CLI-136,73115,ARS,Mexico,S,N
SYNTH-0175,15/03/2025,CUENTA,CLI-274,17772,EUR,Paraguay,S,N
SYNTH-0705,32/13/2025,seguro,CLI-804,163087, USD ,colombia  ,N,S
SYNTH-0243,01/01/2025,PRESTAMO,CLI-342,3737837,ARS,Brasil,S,N
SYNTH-0707,10-09-2025, Servicio,CLI-806,99999999999,ars,brasil,S,S
SYNTH-0603,15-03-2025, Servicio,CLI-702,25154,GBP,MEXICO,S,N
SYNTH-0709,2025-01-15,tarjeta,CLI-808,688290915, USD ,  Argentina,N,N
SYNTH-0451,22/11/2025,PRESTAMO,CLI-550,23469,ARS,Paraguay,N,N
SYNTH-0821,28/06/2025,PRESTAMO,CLI-920,114136,ARS,arg,N,N
SYNTH-0646,05-12-2025,,CLI-745,174753,usd ,brasil,N,S
SYNTH-0695,05-12-2025,PRESTAMO  ,CLI-794,-500,usd , CHILE ,S,N
SYNTH-0206,28/06/2025,SERVICIO,CLI-305,344467,ARS,Peru,S,N
SYNTH-0311,10/09/2025,TARJETA,CLI-410,377185252,USD,Chile,N,N
SYNTH-0667,2025-03-20,tarjeta,CLI-766,871864070,GBP, CHILE ,S,S
SYNTH-0428,05/04/2025,PRESTAMO,CLI-527,42811559,USD,Colombia,N,N
SYNTH-0139,05/04/2025,CUENTA,CLI-238,38874,EUR,Peru,S,S
SYNTH-0551,2025-06-10,PRESTAMO  ,CLI-650,0,Eur,colombia  ,S,S
SYNTH-0404,28/06/2025,SEGURO,CLI-503,271502173,USD,Mexico,N,N
SYNTH-0664,2025-03-20,tarjeta,CLI-763,399866,ars,brasil,S,S
SYNTH-0925,28/06/2025,prestamo personal,CLI-1024,894233420,dolar,Peru,S,N
SYNTH-0098,10/09/2025,TARJETA,CLI-197,15182845,USD,Brasil,S,S
SYNTH-0876,18/07/2025,PRESTAMO,CLI-975,433613858,EUR,mx,N,S
SYNTH-0532,20-06-2025,seguro,CLI-631,35140,,  Argentina,S,S
SYNTH-0484,01/01/2025,SEGURO,CLI-583,826422484,ARS,Argentina,N,N
SYNTH-0023,18/07/2025,PRESTAMO,CLI-122,58665866,EUR,Brasil,S,N
SYNTH-0648,32/13/2025,  CUENTA ,CLI-747,468020,Eur,MEXICO,S,S
SYNTH-0608,20-06-2025, Servicio,CLI-707,37727, ARS,,S,N
SYNTH-0443,15/03/2025,SEGURO,CLI-542,327559568,EUR,Colombia,N,N
SYNTH-0521,10-09-2025,PRESTAMO  ,CLI-620,67073, USD ,  uruguay,S,N
SYNTH-0616,15-03-2025, Servicio,CLI-715,10390,ars,  uruguay,S,S
SYNTH-0680,32/13/2025, Servicio,CLI-779,15408,ars,brasil,S,S
SYNTH-0543,32/13/2025,  CUENTA ,CLI-642,16257, USD ,brasil,N,N
SYNTH-0457,22/11/2025,CUENTA,CLI-556,447784590,USD,Argentina,S,N
SYNTH-0261,05/04/2025,SERVICIO,CLI-360,28127,EUR,Chile,S,N
SYNTH-0854,22/11/2025,SEGURO,CLI-953,23472,dolar,Chile,S,S
SYNTH-0021,01/01/2025,SERVICIO,CLI-120,319566,EUR,Peru,S,S
SYNTH-0715,20-06-2025,,CLI-814,166452076,usd ,brasil,S,N
SYNTH-0242,01/01/2025,PRESTAMO,CLI-341,319090,EUR,Argentina,N,N
SYNTH-0396,30/12/2025,SERVICIO,CLI-495,448006310,EUR,Brasil,S,N
SYNTH-0896,05/04/2025,CUENTA,CLI-995,164589,divisa extranjera,estados unidos mexicanos,S,S
SYNTH-0446,01/01/2025,TARJETA,CLI-545,882942543,EUR,Paraguay,S,N
SYNTH-0966,Q1 2025,PRESTAMO,CLI-1065,380323042,USD,arg,N,S
SYNTH-0826,01/01/2025,serv,CLI-925,891373442,divisa extranjera,Peru,S,N
SYNTH-0818,30/12/2025,PRESTAMO,CLI-917,551528718,pesos,Colombia,N,N
SYNTH-0199,28/06/2025,PRESTAMO,CLI-298,33955,EUR,Chile,N,S
SYNTH-0914,Q1 2025,cuenta corriente,CLI-1013,10352,EUR,Paraguay,N,S
SYNTH-0377,15/03/2025,CUENTA,CLI-476,60527,ARS,Brasil,N,S
SYNTH-0747,10-09-2025, Servicio,CLI-846,388713,ars,brasil,N,S
SYNTH-0164,01/01/2025,SERVICIO,CLI-263,144510,USD,Colombia,S,S
SYNTH-0723,05-12-2025, Servicio,CLI-822,359006,GBP,brasil,N,N
SYNTH-0195,15/03/2025,SEGURO,CLI-294,202234,ARS,Chile,N,S
SYNTH-0035,15/03/2025,TARJETA,CLI-134,18332,EUR,Chile,N,N
SYNTH-0049,22/11/2025,PRESTAMO,CLI-148,487113,USD,Colombia,N,N
SYNTH-0847,"Mar 15, 2025",CUENTA,CLI-946,22862,ARS,Peru,S,N
SYNTH-0589,32/13/2025,PRESTAMO  ,CLI-688,32054,usd ,  Argentina,N,S
SYNTH-0271,28/06/2025,CUENTA,CLI-370,466406942,USD,Brasil,S,S
SYNTH-0497,10/09/2025,PRESTAMO,CLI-596,297157,ARS,Colombia,N,S
SYNTH-0343,30/12/2025,SERVICIO,CLI-442,93255746,USD,Argentina,N,S
SYNTH-0757,32/13/2025,PRESTAMO  ,CLI-856,944820765, USD ,  Argentina,N,S
SYNTH-0183,10/09/2025,CUENTA,CLI-282,71971,EUR,Paraguay,N,N
SYNTH-0140,05/04/2025,SEGURO,CLI-239,110233,EUR,Colombia,N,S
SYNTH-0208,05/04/2025,SEGURO,CLI-307,48259,USD,Peru,N,N
SYNTH-0001,15/03/2025,CUENTA,CLI-100,49598,ARS,Brasil,S,N
SYNTH-0069,10/09/2025,CUENTA,CLI-168,324321938,EUR,Brasil,S,N
SYNTH-0490,28/06/2025,PRESTAMO,CLI-589,392734425,EUR,Brasil,N,N
SYNTH-0130,22/11/2025,CUENTA,CLI-229,452502960,ARS,Brasil,N,N
SYNTH-0312,22/11/2025,SEGURO,CLI-411,552848888,ARS,Chile,N,S
SYNTH-0022,30/12/2025,TARJETA,CLI-121,31996,ARS,Brasil,N,N
SYNTH-0300,05/04/2025,SERVICIO,CLI-399,289889,EUR,Peru,N,N
SYNTH-0173,10/09/2025,CUENTA,CLI-272,901558676,EUR,Uruguay,S,S
SYNTH-0367,01/01/2025,CUENTA,CLI-466,4681,ARS,Peru,S,N
SYNTH-0520,15-03-2025,PRESTAMO  ,CLI-619,984054848,Eur,colombia  ,S,S
SYNTH-0042,15/03/2025,PRESTAMO,CLI-141,3537,USD,Uruguay,N,S
SYNTH-0309,15/03/2025,TARJETA,CLI-408,66899,USD,Brasil,N,S
SYNTH-0132,01/01/2025,CUENTA,CLI-231,494229,EUR,Brasil,N,N
SYNTH-0928,10/09/2025,cta ahorro,CLI-1027,405311747,EUR,Paraguay,N,S
SYNTH-0460,18/07/2025,SERVICIO,CLI-559,37477,EUR,Mexico,S,N
SYNTH-0955,Q1 2025,SERVICIO,CLI-1054,430329,EUR,Colombia,N,N
SYNTH-0438,15/03/2025,PRESTAMO,CLI-537,430975,USD,Paraguay,S,S
SYNTH-0600,2025-09-05,seguro,CLI-699,299411,GBP,  Argentina,S,S
SYNTH-0295,30/12/2025,TARJETA,CLI-394,303193,ARS,Peru,N,N
SYNTH-0599,2025-09-05,  CUENTA ,CLI-698,41800,GBP,colombia  ,N,S
SYNTH-0956,05/04/2025,PRESTAMO,CLI-1055,200377,dolar,Colombia,N,S
SYNTH-0182,30/12/2025,PRESTAMO,CLI-281,42401,ARS,Peru,S,N
SYNTH-0239,05/04/2025,PRESTAMO,CLI-338,337958,EUR,Colombia,S,S
SYNTH-0614,2025-03-20,PRESTAMO  ,CLI-713,244817,usd ,MEXICO,N,S
SYNTH-0684,05-12-2025,PRESTAMO  ,CLI-783,16762,GBP,brasil,S,N
SYNTH-0696,2025-06-10, Servicio,CLI-795,179130986,usd ,  uruguay,N,S
SYNTH-0741,2025-09-05,PRESTAMO  ,CLI-840,42644,ars,brasil,N,N
SYNTH-0356,15/03/2025,SEGURO,CLI-455,39411,ARS,Brasil,S,N
SYNTH-0007,22/11/2025,PRESTAMO,CLI-106,42660,USD,Uruguay,S,N
SYNTH-0282,28/06/2025,TARJETA,CLI-381,207880,ARS,Brasil,S,N
SYNTH-0449,30/12/2025,CUENTA,CLI-548,52653365,USD,Peru,S,S
SYNTH-0426,22/11/2025,PRESTAMO,CLI-525,711835672,USD,Chile,N,S
SYNTH-0347,01/01/2025,TARJETA,CLI-446,47638,ARS,Paraguay,N,N
SYNTH-0170,30/12/2025,SERVICIO,CLI-269,764360983,ARS,Mexico,S,S
SYNTH-0754,10-09-2025,PRESTAMO  ,CLI-853,45743,Eur,colombia  ,N,N
SYNTH-0468,15/03/2025,TARJETA,CLI-567,44931,EUR,Paraguay,S,S
SYNTH-0940,"Mar 15, 2025",SEGURO,CLI-1039,392254,EUR,Brasil,N,N
SYNTH-0694,05-12-2025,  CUENTA ,CLI-793,-1,usd ,MEXICO,N,N
SYNTH-0714,32/13/2025,  CUENTA ,CLI-813,36023, ARS,brasil,N,N
SYNTH-0036,10/09/2025,SERVICIO,CLI-135,410447,EUR,Peru,N,S
SYNTH-0078,22/11/2025,SERVICIO,CLI-177,130053266,ARS,Uruguay,S,S
SYNTH-0319,30/12/2025,CUENTA,CLI-418,29036,EUR,Mexico,S,N
SYNTH-0746,2025-06-10,tarjeta,CLI-845,441347, USD ,colombia  ,N,S
SYNTH-0913,marzo 2025,SEGURO,CLI-1012,271745,USD,Mexico,N,N
SYNTH-0943,28/06/2025,tarjeta credito,CLI-1042,423335823,EUR,Peru,S,S
SYNTH-0833,28/06/2025,TARJETA,CLI-932,979207871,pesos argentinos,arg,S,N
SYNTH-0087,18/07/2025,PRESTAMO,CLI-186,361329,ARS,Colombia,N,N
SYNTH-0560,2025-03-20,  CUENTA ,CLI-659,171120,usd ,,S,S
SYNTH-0223,10/09/2025,SERVICIO,CLI-322,206500,USD,Colombia,N,N
SYNTH-0939,05/04/2025,tarjeta credito,CLI-1038,378715,dolares,Argentina,S,S
SYNTH-0010,22/11/2025,CUENTA,CLI-109,941492572,USD,Colombia,N,N
SYNTH-0749,2025-09-05,,CLI-848,121529,Eur,  uruguay,S,S
SYNTH-0780,2025-01-15, Servicio,CLI-879,0, ARS,MEXICO,N,S
SYNTH-0954,18/07/2025,PRESTAMO,CLI-1053,39817,EUR,cl,S,S
SYNTH-0388,28/06/2025,TARJETA,CLI-487,14886,ARS,Paraguay,S,N
SYNTH-0002,01/01/2025,CUENTA,CLI-101,250317735,EUR,Argentina,S,N
SYNTH-0005,01/01/2025,PRESTAMO,CLI-104,115445,ARS,Mexico,N,S
SYNTH-0577,2025-01-15,PRESTAMO  ,CLI-676,39207,Eur,brasil,S,N
SYNTH-0927,18/07/2025,serv,CLI-1026,277126543,USD,bra,S,N
SYNTH-0788,2025-01-15,  CUENTA ,CLI-887,1000000000,usd ,colombia  ,S,S
SYNTH-0808,05/04/2025,tarjeta credito,CLI-907,277579,ARS,cl,S,N
SYNTH-0977,"Mar 15, 2025",SERVICIO,CLI-1076,8309,EUR,Chile,N,N
SYNTH-0981,2025/03/15,SEGURO,CLI-1080,34021,EUR,Mexico,S,N
SYNTH-0660,2025-01-15,  CUENTA ,CLI-759,330299, ARS,colombia  ,N,S
SYNTH-0237,05/04/2025,TARJETA,CLI-336,400113,USD,Chile,N,N
SYNTH-0894,05/04/2025,plastico,CLI-993,158591,USD,Brasil,S,S
SYNTH-0564,2025-09-05,tarjeta,CLI-663,828916591,Eur,MEXICO,S,S
SYNTH-0613,32/13/2025,seguro,CLI-712,201696575, ARS, CHILE ,N,S
SYNTH-0447,10/09/2025,TARJETA,CLI-546,8913,USD,Colombia,N,S
SYNTH-0522,05-12-2025, Servicio,CLI-621,0,usd ,colombia  ,S,N
SYNTH-0673,05-12-2025,tarjeta,CLI-772,19115,usd ,  uruguay,N,N
SYNTH-0569,2025-06-10,  CUENTA ,CLI-668,-1,ars,MEXICO,S,S
SYNTH-0871,05/04/2025,cta,CLI-970,36784,EUR,Uruguay,N,N
SYNTH-0545,2025-06-10,tarjeta,CLI-644,17389,GBP,  uruguay,S,N
SYNTH-0758,32/13/2025, Servicio,CLI-857,48014,usd ,  uruguay,N,S
SYNTH-0190,30/12/2025,CUENTA,CLI-289,253898110,USD,Uruguay,N,S
SYNTH-0504,2025-01-15,seguro,CLI-603,-500, USD ,  uruguay,S,N
SYNTH-0864,22/11/2025,TARJETA,CLI-963,57686390,divisa extranjera,Mexico,S,N
SYNTH-0630,10-09-2025, Servicio,CLI-729,33394, ARS,brasil,S,S
SYNTH-0737,10-09-2025, Servicio,CLI-836,24420,usd ,brasil,S,N
SYNTH-0020,10/09/2025,SEGURO,CLI-119,76728246,EUR,Argentina,S,S
SYNTH-0403,10/09/2025,SERVICIO,CLI-502,43702,EUR,Argentina,N,S
SYNTH-0072,30/12/2025,PRESTAMO,CLI-171,785433417,USD,Uruguay,S,S
SYNTH-0971,28/06/2025,TARJETA,CLI-1070,451987,moneda local,Colombia,N,S
SYNTH-0253,01/01/2025,SERVICIO,CLI-352,409761669,USD,Paraguay,N,S
SYNTH-0198,15/03/2025,TARJETA,CLI-297,386771,USD,Uruguay,S,S
SYNTH-0355,15/03/2025,TARJETA,CLI-454,8959,ARS,Colombia,N,N
SYNTH-0244,05/04/2025,CUENTA,CLI-343,36465,USD,Argentina,N,N
SYNTH-0423,01/01/2025,SEGURO,CLI-522,138597,EUR,Argentina,N,N
SYNTH-0911,Q1 2025,TARJETA,CLI-1010,300466,EUR,Argentina,S,N
SYNTH-0917,10/09/2025,SERVICIO,CLI-1016,673561512,pesos,Chile,S,N
SYNTH-0533,2025-06-10,PRESTAMO  ,CLI-632,100098,ars,  Argentina,S,N
SYNTH-0256,22/11/2025,TARJETA,CLI-355,389061,USD,Brasil,S,S
SYNTH-0060,30/12/2025,CUENTA,CLI-159,206560,USD,Colombia,N,S
SYNTH-0795,05-12-2025,seguro,CLI-894,433296,GBP,colombia  ,N,N
SYNTH-0450,28/06/2025,CUENTA,CLI-549,645331377,USD,Paraguay,N,S
SYNTH-0120,05/04/2025,SERVICIO,CLI-219,883563851,USD,Brasil,S,N
SYNTH-0605,2025-03-20,PRESTAMO  ,CLI-704,649875453,GBP,colombia  ,N,N
SYNTH-0085,30/12/2025,SERVICIO,CLI-184,328399538,EUR,Argentina,S,S
SYNTH-1000,05/04/2025,tarj,CLI-1099,284198,divisa extranjera,Brasil,S,N
SYNTH-0191,28/06/2025,PRESTAMO,CLI-290,25311,EUR,Chile,N,N
SYNTH-0177,30/12/2025,SEGURO,CLI-276,679056451,EUR,Colombia,S,N
SYNTH-0234,05/04/2025,SERVICIO,CLI-333,38210,ARS,Paraguay,N,N
SYNTH-0986,15/03/2025,CUENTA,CLI-1085,679838070,euros,Uruguay,S,N
SYNTH-0032,10/09/2025,SERVICIO,CLI-131,721721888,USD,Peru,N,S
SYNTH-0735,2025-06-10,,CLI-834,255199,ars,colombia  ,N,N
SYNTH-0313,22/11/2025,TARJETA,CLI-412,46968,EUR,Uruguay,S,N
SYNTH-0359,22/11/2025,PRESTAMO,CLI-458,659891913,EUR,Colombia,N,N
SYNTH-0825,15/03/2025,SEGURO,CLI-924,664828420,EUR,arg,S,N
SYNTH-0571,10-09-2025,seguro,CLI-670,29474,GBP,colombia  ,S,N
SYNTH-0576,2025-01-15, Servicio,CLI-675,14697,usd ,MEXICO,N,N
SYNTH-0019,05/04/2025,PRESTAMO,CLI-118,34919,ARS,Brasil,N,S
SYNTH-0794,32/13/2025, Servicio,CLI-893,484872, ARS, CHILE ,S,S
SYNTH-0301,18/07/2025,SEGURO,CLI-400,232413,EUR,Chile,N,S
SYNTH-0267,01/01/2025,SEGURO,CLI-366,37152,EUR,Mexico,N,S
SYNTH-0638,32/13/2025, Servicio,CLI-737,456595309, ARS,MEXICO,N,S
SYNTH-0506,10-09-2025,seguro,CLI-605,-1,ars,MEXICO,N,N
SYNTH-0771,05-12-2025, Servicio,CLI-870,119164,ars,colombia  ,S,N
SYNTH-0030,15/03/2025,SEGURO,CLI-129,5453,USD,Brasil,S,S
SYNTH-0724,2025-09-05,PRESTAMO  ,CLI-823,99999999999, USD ,  Argentina,S,N
SYNTH-0257,22/11/2025,PRESTAMO,CLI-356,45149,ARS,Colombia,S,N
SYNTH-0226,30/12/2025,TARJETA,CLI-325,484086,EUR,Mexico,S,S
SYNTH-0845,01/01/2025,plastico,CLI-944,46190,ARS,Chile,N,N
SYNTH-0890,15/03/2025,tarjeta credito,CLI-989,12039,EUR,mx,S,N
SYNTH-0840,22/11/2025,plastico,CLI-939,16352,USD,Peru,S,S
SYNTH-0553,20-06-2025, Servicio,CLI-652,1000000000,ars,brasil,S,S
SYNTH-0898,30/12/2025,tarjeta credito,CLI-997,34490,EUR,Argentina,S,S
SYNTH-0374,15/03/2025,SERVICIO,CLI-473,30270,ARS,Brasil,N,N
SYNTH-0920,18/07/2025,SERVICIO,CLI-1019,407492,USD,col,N,N
SYNTH-0272,10/09/2025,SEGURO,CLI-371,32162,EUR,Mexico,S,S
SYNTH-0978,05/04/2025,TARJETA,CLI-1077,226021539,USD,bra,S,S
SYNTH-0632,15-03-2025,PRESTAMO  ,CLI-731,96371623, ARS,,N,S
SYNTH-0736,2025-01-15,tarjeta,CLI-835,869751371,ars,  Argentina,N,N
SYNTH-0116,01/01/2025,SERVICIO,CLI-215,67493,EUR,Chile,S,N
SYNTH-0299,18/07/2025,PRESTAMO,CLI-398,1291,USD,Brasil,S,S
SYNTH-0210,01/01/2025,SERVICIO,CLI-309,947904800,EUR,Peru,N,S
SYNTH-0893,10/09/2025,cta ahorro,CLI-992,856190805,ARS,cl,S,N
SYNTH-0352,30/12/2025,SERVICIO,CLI-451,169738222,USD,Argentina,S,N
SYNTH-0508,10-09-2025,  CUENTA ,CLI-607,481623,GBP,colombia  ,S,S
SYNTH-0671,2025-06-10, Servicio,CLI-770,35281,usd ,,S,S
SYNTH-0386,18/07/2025,SEGURO,CLI-485,340247,EUR,Paraguay,N,S
SYNTH-0791,15-03-2025,  CUENTA ,CLI-890,9197, ARS,  Argentina,S,S
SYNTH-0593,15-03-2025,PRESTAMO  ,CLI-692,209675, USD ,brasil,N,N
SYNTH-0738,32/13/2025, Servicio,CLI-837,8501,ars, CHILE ,S,N
SYNTH-0028,10/09/2025,SERVICIO,CLI-127,622390097,EUR,Argentina,N,S
SYNTH-0895,05/04/2025,tarj,CLI-994,260837,ARS,Paraguay,S,N
SYNTH-0292,15/03/2025,CUENTA,CLI-391,238871848,EUR,Colombia,N,N
SYNTH-0945,01/01/2025,CUENTA,CLI-1044,315368,dolar,cl,N,S
SYNTH-0688,20-06-2025,  CUENTA ,CLI-787,250779,ars,  Argentina,N,N
SYNTH-0968,marzo 2025,PRESTAMO,CLI-1067,532611649,EUR,Chile,N,N
SYNTH-0690,2025-09-05, Servicio,CLI-789,-1, USD , CHILE ,S,S
SYNTH-0755,2025-01-15,  CUENTA ,CLI-854,46264,,MEXICO,N,N
SYNTH-0806,05/04/2025,PRESTAMO,CLI-905,24635,dolares,republica argentina,S,S
SYNTH-0227,10/09/2025,TARJETA,CLI-326,972434124,ARS,Colombia,S,S
SYNTH-0964,marzo 2025,CUENTA,CLI-1063,29233,EUR,Chile,N,S
SYNTH-0125,30/12/2025,TARJETA,CLI-224,102091,EUR,Uruguay,S,N
SYNTH-0627,10-09-2025,tarjeta,CLI-726,41689, USD ,colombia  ,S,N
SYNTH-0491,10/09/2025,SEGURO,CLI-590,235021,USD,Peru,S,S
SYNTH-0649,15-03-2025, Servicio,CLI-748,18716,Eur,  uruguay,N,N
SYNTH-0273,05/04/2025,CUENTA,CLI-372,155324512,USD,Brasil,N,S
SYNTH-0558,20-06-2025,tarjeta,CLI-657,40711,usd ,,N,S
SYNTH-0391,28/06/2025,TARJETA,CLI-490,38132,ARS,Brasil,N,N
SYNTH-0197,28/06/2025,SEGURO,CLI-296,84471,EUR,Peru,N,N
SYNTH-0610,2025-09-05, Servicio,CLI-709,402570, ARS,  uruguay,S,N
SYNTH-0607,2025-01-15,  CUENTA ,CLI-706,2571,usd ,MEXICO,N,N
SYNTH-0341,18/07/2025,TARJETA,CLI-440,447452115,USD,Mexico,S,N
SYNTH-0807,2025/03/15,PRESTAMO,CLI-906,466604,ARS,Peru,S,S
SYNTH-0269,22/11/2025,PRESTAMO,CLI-368,245587,EUR,Colombia,S,N
SYNTH-0674,2025-06-10,,CLI-773,388093,usd ,colombia  ,N,N
SYNTH-0102,28/06/2025,PRESTAMO,CLI-201,303935,EUR,Paraguay,N,N
SYNTH-0962,10/09/2025,CUENTA,CLI-1061,380919,ARS,mx,S,N
SYNTH-0542,20-06-2025,  CUENTA ,CLI-641,10971,usd ,  Argentina,N,N
SYNTH-0288,10/09/2025,PRESTAMO,CLI-387,20092,USD,Peru,S,N
SYNTH-0623,32/13/2025,PRESTAMO  ,CLI-722,100267979, USD ,  Argentina,N,N
SYNTH-0936,"Mar 15, 2025",TARJETA,CLI-1035,498923,ARS,cl,N,S
SYNTH-0815,28/06/2025,PRESTAMO,CLI-914,35056,USD,col,N,N
SYNTH-0240,30/12/2025,SEGURO,CLI-339,84362155,ARS,Argentina,S,S
SYNTH-0891,01/01/2025,SEGURO,CLI-990,15166,divisa extranjera,bra,N,N
SYNTH-0179,15/03/2025,SEGURO,CLI-278,844903810,EUR,Argentina,N,N
SYNTH-0760,10-09-2025,tarjeta,CLI-859,337356224, ARS,  Argentina,S,S
SYNTH-0103,10/09/2025,TARJETA,CLI-202,250788,ARS,Uruguay,N,N
SYNTH-0779,15-03-2025,seguro,CLI-878,44123,ars,colombia  ,N,S
SYNTH-0752,2025-09-05,seguro,CLI-851,455375,GBP,MEXICO,N,S
SYNTH-0921,marzo 2025,SERVICIO,CLI-1020,22643,USD,Paraguay,S,S
SYNTH-0473,15/03/2025,SERVICIO,CLI-572,424749630,ARS,Peru,S,S
SYNTH-0339,28/06/2025,SERVICIO,CLI-438,11309,EUR,Brasil,S,S
SYNTH-0938,15/03/2025,TARJETA,CLI-1037,25677,pesos,bra,N,N
SYNTH-0587,2025-06-10,  CUENTA ,CLI-686,287041545,ars,MEXICO,S,S
SYNTH-0168,10/09/2025,SERVICIO,CLI-267,487840,EUR,Peru,N,N
SYNTH-0687,10-09-2025, Servicio,CLI-786,582935263,usd ,  uruguay,S,N
SYNTH-0629,05-12-2025, Servicio,CLI-728,101199,usd , CHILE ,N,S
SYNTH-0676,05-12-2025,seguro,CLI-775,38995,Eur,brasil,S,N
SYNTH-0878,30/12/2025,serv,CLI-977,112505418,EUR,Chile,S,N
SYNTH-0708,05-12-2025,  CUENTA ,CLI-807,487564, USD ,MEXICO,N,S
SYNTH-0915,01/01/2025,CUENTA,CLI-1014,455665,dolar,Paraguay,N,N
SYNTH-0677,2025-03-20,tarjeta,,49349, USD ,brasil,S,N
SYNTH-0416,28/06/2025,SERVICIO,CLI-515,80416,USD,Colombia,S,S
SYNTH-0524,10-09-2025, Servicio,CLI-623,497913, USD ,brasil,S,S
SYNTH-0867,10/09/2025,PRESTAMO,CLI-966,257566,pesos argentinos,Paraguay,S,N
SYNTH-0863,10/09/2025,SEGURO,CLI-962,414042,dolar,Paraguay,S,S
SYNTH-0908,15 de marzo del 2025,TARJETA,CLI-1007,925695149,EUR,Uruguay,N,N
SYNTH-0329,30/12/2025,PRESTAMO,CLI-428,536922668,EUR,Brasil,S,N
SYNTH-0994,15/03/2025,plastico,CLI-1093,816191333,USD,cl,N,N
SYNTH-0268,18/07/2025,TARJETA,CLI-367,8013,ARS,Colombia,N,N
SYNTH-0662,05-12-2025,tarjeta,CLI-761,10171,ars,brasil,N,N
SYNTH-0655,10-09-2025, Servicio,CLI-754,185392,usd ,colombia  ,S,N
SYNTH-0280,15/03/2025,CUENTA,CLI-379,6873,EUR,Uruguay,N,S
SYNTH-0248,18/07/2025,TARJETA,CLI-347,17220,USD,Colombia,S,S
SYNTH-0853,01/01/2025,tarj,CLI-952,468488363,moneda local,Uruguay,N,S
SYNTH-0176,10/09/2025,SERVICIO,CLI-275,75035,EUR,Peru,S,S
SYNTH-0982,01/01/2025,plastico,CLI-1081,477051,EUR,Brasil,S,N
SYNTH-0869,30/12/2025,PRESTAMO,CLI-968,264410,USD,mx,N,S
SYNTH-0291,10/09/2025,SERVICIO,CLI-390,11901,EUR,Paraguay,N,N
SYNTH-0683,2025-01-15,PRESTAMO  ,CLI-782,49069, USD ,MEXICO,N,N
SYNTH-0975,22/11/2025,SERVICIO,CLI-1074,269192,ARS,cl,S,S
SYNTH-0718,2025-09-05,tarjeta,CLI-817,6151, ARS,  Argentina,N,N
SYNTH-0354,28/06/2025,CUENTA,CLI-453,486047306,EUR,Colombia,S,N
SYNTH-0083,18/07/2025,PRESTAMO,CLI-182,676362180,ARS,Chile,S,N
SYNTH-0231,18/07/2025,PRESTAMO,CLI-330,442694,ARS,Argentina,N,S
SYNTH-0836,22/11/2025,PRESTAMO,CLI-935,178938,USD,col,N,N
SYNTH-0537,2025-09-05,  CUENTA ,CLI-636,211412,Eur,brasil,N,S
SYNTH-0531,32/13/2025, Servicio,CLI-630,340745423,Eur,  uruguay,N,N
SYNTH-0645,15-03-2025,tarjeta,CLI-744,858819154, ARS, CHILE ,S,S
SYNTH-0621,2025-03-20, Servicio,CLI-720,227597, ARS,brasil,S,N
SYNTH-0250,10/09/2025,CUENTA,CLI-349,252119882,ARS,Argentina,S,N
SYNTH-0539,2025-09-05,  CUENTA ,CLI-638,245898,ars,colombia  ,N,S
SYNTH-0445,15/03/2025,CUENTA,CLI-544,166260,USD,Mexico,N,S
SYNTH-0336,28/06/2025,CUENTA,CLI-435,372771798,EUR,Mexico,S,N
SYNTH-0974,05/04/2025,PRESTAMO,CLI-1073,82165,moneda local,Argentina,N,S
SYNTH-0969,marzo 2025,cta,CLI-1068,369996626,ARS,Colombia,S,N
SYNTH-0585,2025-06-10, Servicio,CLI-684,572763098, ARS,brasil,N,S
SYNTH-0802,10/09/2025,cta ahorro,CLI-901,167491,USD,Uruguay,S,N
SYNTH-0186,05/04/2025,SEGURO,CLI-285,89203431,USD,Brasil,N,S
SYNTH-0254,22/11/2025,PRESTAMO,CLI-353,445532,ARS,Colombia,N,S
SYNTH-0611,05-12-2025,seguro,CLI-710,292468, ARS,MEXICO,N,N
SYNTH-0800,2025-06-10,tarjeta,CLI-899,11244, USD ,colombia  ,N,S
SYNTH-0996,15 de marzo del 2025,CUENTA,CLI-1095,62584,USD,cl,N,N
SYNTH-0902,10/09/2025,tarjeta credito,CLI-1001,218631,EUR,Argentina,S,N
SYNTH-0728,2025-03-20, Servicio,CLI-827,99999999999, USD ,  Argentina,S,N
SYNTH-0682,20-06-2025,PRESTAMO  ,CLI-781,958087253,usd ,MEXICO,S,N
SYNTH-0055,05/04/2025,PRESTAMO,CLI-154,772814531,USD,Peru,S,N
SYNTH-0063,28/06/2025,PRESTAMO,CLI-162,76364,USD,Colombia,N,N
SYNTH-0672,20-06-2025,PRESTAMO  ,CLI-771,1299, ARS,MEXICO,S,N
SYNTH-0963,marzo 2025,SEGURO,CLI-1062,222256,ARS,arg,N,S
SYNTH-0057,30/12/2025,CUENTA,CLI-156,199804,USD,Uruguay,S,S
SYNTH-0053,30/12/2025,PRESTAMO,CLI-152,704936923,ARS,Brasil,N,S
SYNTH-0297,10/09/2025,SEGURO,CLI-396,339360,EUR,Paraguay,N,S
SYNTH-0989,"Mar 15, 2025",SERVICIO,CLI-1088,354960,ARS,Peru,S,N
SYNTH-0787,10-09-2025,PRESTAMO  ,CLI-886,710087924,ars, CHILE ,N,N
SYNTH-0368,10/09/2025,TARJETA,CLI-467,425882,ARS,Argentina,S,S
SYNTH-0074,30/12/2025,SERVICIO,CLI-173,305617,USD,Uruguay,N,N
SYNTH-0043,10/09/2025,CUENTA,CLI-142,151256,USD,Brasil,N,N
SYNTH-0141,22/11/2025,CUENTA,CLI-240,193273,USD,Uruguay,S,S
SYNTH-0436,05/04/2025,SEGURO,CLI-535,945339378,ARS,Peru,N,S
SYNTH-0722,2025-01-15,seguro,CLI-821,425292,usd ,MEXICO,S,S
SYNTH-0378,18/07/2025,TARJETA,CLI-477,48971,USD,Peru,S,N
SYNTH-0194,28/06/2025,CUENTA,CLI-293,965449257,USD,Brasil,N,N
SYNTH-0126,22/11/2025,TARJETA,CLI-225,494614,ARS,Colombia,S,S
SYNTH-0275,05/04/2025,CUENTA,CLI-374,7401,USD,Paraguay,N,S
SYNTH-0957,05/04/2025,CUENTA,CLI-1056,82848705,ARS,bra,S,S
SYNTH-0153,05/04/2025,TARJETA,CLI-252,103900,ARS,Chile,S,S
SYNTH-0860,22/11/2025,TARJETA,CLI-959,15348,euros,Colombia,S,S
SYNTH-0335,30/12/2025,SEGURO,CLI-434,332597677,EUR,Chile,S,S
SYNTH-0123,28/06/2025,PRESTAMO,CLI-222,720429089,EUR,Paraguay,S,N
SYNTH-0665,2025-06-10,PRESTAMO  ,CLI-764,506468227, ARS,brasil,S,S
SYNTH-0681,2025-09-05,seguro,CLI-780,488824, ARS,  uruguay,N,S
SYNTH-0382,01/01/2025,TARJETA,CLI-481,12195,USD,Brasil,N,N
SYNTH-0469,18/07/2025,CUENTA,CLI-568,49948,USD,Uruguay,S,S
SYNTH-0456,05/04/2025,PRESTAMO,CLI-555,932545887,EUR,Colombia,N,S
SYNTH-0820,05/04/2025,SERVICIO,CLI-919,20266,ARS,republica argentina,S,N
SYNTH-0885,15/03/2025,PRESTAMO,CLI-984,46786,euros,Mexico,S,S
SYNTH-0454,01/01/2025,SEGURO,CLI-553,7977,ARS,Argentina,S,N
SYNTH-0410,30/12/2025,SERVICIO,CLI-509,34247,EUR,Chile,N,S
SYNTH-0844,01/01/2025,serv,CLI-943,329137,ARS,Paraguay,S,N
SYNTH-0471,18/07/2025,PRESTAMO,CLI-570,262048,ARS,Paraguay,S,S
SYNTH-0363,01/01/2025,PRESTAMO,CLI-462,823890511,ARS,Chile,S,S
SYNTH-0730,15-03-2025,PRESTAMO  ,CLI-829,33589,,  Argentina,S,S
SYNTH-0725,2025-01-15,  CUENTA ,CLI-824,308848,Eur,colombia  ,N,N
SYNTH-0675,2025-01-15,seguro,CLI-774,12526, USD ,MEXICO,S,S
SYNTH-0304,30/12/2025,SERVICIO,CLI-403,148094,EUR,Argentina,N,S
SYNTH-0379,28/06/2025,SEGURO,CLI-478,29455,USD,Colombia,S,N
SYNTH-0006,15/03/2025,CUENTA,CLI-105,169485,ARS,Colombia,S,N
SYNTH-0389,10/09/2025,TARJETA,CLI-488,343828398,ARS,Brasil,N,N
SYNTH-0420,15/03/2025,PRESTAMO,CLI-519,33986,ARS,Argentina,N,N
SYNTH-0991,28/06/2025,tarj,CLI-1090,26834,ARS,Chile,S,N
SYNTH-0048,05/04/2025,PRESTAMO,CLI-147,46692,ARS,Paraguay,N,S
SYNTH-0105,15/03/2025,SEGURO,CLI-204,30945,USD,Chile,S,N
SYNTH-0689,2025-03-20,seguro,CLI-788,47487,Eur,brasil,S,N
SYNTH-0999,22/11/2025,SERVICIO,CLI-1098,192131,moneda local,Uruguay,N,S
SYNTH-0988,01/01/2025,SEGURO,CLI-1087,838569655,pesos,Paraguay,N,S
SYNTH-0134,22/11/2025,PRESTAMO,CLI-233,34131,EUR,Brasil,S,N
SYNTH-0659,32/13/2025,  CUENTA ,CLI-758,168409, USD ,  Argentina,N,N
SYNTH-0849,18/07/2025,CUENTA,CLI-948,60404014,ARS,mx,N,N
SYNTH-0400,30/12/2025,SEGURO,CLI-499,27014,EUR,Argentina,S,N
SYNTH-0324,15/03/2025,SERVICIO,CLI-423,206896,ARS,Chile,S,S
SYNTH-0061,22/11/2025,PRESTAMO,CLI-160,65218,EUR,Paraguay,S,N
SYNTH-0686,10-09-2025,tarjeta,CLI-785,499033806, ARS,,S,N
SYNTH-0065,01/01/2025,SERVICIO,CLI-164,74178415,ARS,Argentina,S,S
SYNTH-0562,20-06-2025, Servicio,CLI-661,1000000000,Eur,MEXICO,S,S
SYNTH-0566,2025-09-05,  CUENTA ,CLI-665,220233,usd ,colombia  ,S,N
SYNTH-0119,18/07/2025,SEGURO,CLI-218,97345,ARS,Mexico,S,N
SYNTH-0772,20-06-2025,  CUENTA ,CLI-871,-1,Eur,colombia  ,N,N
SYNTH-0082,30/12/2025,PRESTAMO,CLI-181,29866,USD,Peru,S,S
SYNTH-0900,15 de marzo del 2025,CUENTA,CLI-999,430271,moneda local,Uruguay,S,N
SYNTH-0465,30/12/2025,TARJETA,CLI-564,986847077,ARS,Argentina,N,N
SYNTH-0782,2025-03-20, Servicio,CLI-881,464741317,Eur,  uruguay,S,N
SYNTH-0089,10/09/2025,TARJETA,CLI-188,18408,ARS,Chile,N,N
SYNTH-0527,2025-01-15,PRESTAMO  ,CLI-626,1000000000,usd , CHILE ,N,S
SYNTH-0830,18/07/2025,CUENTA,CLI-929,257793194,EUR,col,N,N
SYNTH-0326,10/09/2025,CUENTA,CLI-425,7584,EUR,Paraguay,N,N
SYNTH-0066,01/01/2025,SEGURO,CLI-165,175067,EUR,Brasil,S,N
SYNTH-0702,20-06-2025,  CUENTA ,CLI-801,210040441,ars,brasil,N,S
SYNTH-0296,15/03/2025,SERVICIO,CLI-395,3928,ARS,Uruguay,S,S
SYNTH-0907,"Mar 15, 2025",PRESTAMO,CLI-1006,604095486,USD,Brasil,N,S
SYNTH-0202,05/04/2025,SEGURO,CLI-301,3699,ARS,Argentina,N,S
SYNTH-0330,05/04/2025,TARJETA,CLI-429,489864,USD,Chile,N,S
SYNTH-0479,10/09/2025,CUENTA,CLI-578,19686,USD,Peru,N,N
SYNTH-0099,30/12/2025,CUENTA,CLI-198,486283,EUR,Mexico,N,N
SYNTH-0201,22/11/2025,TARJETA,CLI-300,660237343,ARS,Chile,S,S
SYNTH-0285,30/12/2025,SERVICIO,CLI-384,884764227,EUR,Chile,N,N
SYNTH-0425,30/12/2025,PRESTAMO,CLI-524,336934,EUR,Chile,S,S
SYNTH-0731,32/13/2025,seguro,CLI-830,221420,ars,MEXICO,S,S
SYNTH-0293,18/07/2025,PRESTAMO,CLI-392,741851412,ARS,Uruguay,S,N
SYNTH-0628,10-09-2025,PRESTAMO  ,CLI-727,367935350,usd ,brasil,S,N
SYNTH-0172,01/01/2025,PRESTAMO,CLI-271,257857,ARS,Paraguay,S,N
SYNTH-0642,2025-06-10,  CUENTA ,CLI-741,363334,ars, CHILE ,S,N
SYNTH-0308,22/11/2025,SEGURO,CLI-407,25042,EUR,Peru,S,N
SYNTH-0440,10/09/2025,SERVICIO,CLI-539,19229,EUR,Paraguay,N,S
SYNTH-0773,2025-06-10, Servicio,CLI-872,49291,ars,  uruguay,N,S
SYNTH-0873,28/06/2025,tarjeta credito,CLI-972,777175997,ARS,Peru,S,N
SYNTH-0405,05/04/2025,PRESTAMO,CLI-504,164405,EUR,Paraguay,S,S
SYNTH-0886,primer trimestre,SEGURO,CLI-985,8944,EUR,Uruguay,N,N
SYNTH-0862,"Mar 15, 2025",SERVICIO,CLI-961,566283276,USD,Brasil,S,S
SYNTH-0008,15/03/2025,SEGURO,CLI-107,574028322,ARS,Chile,N,N
SYNTH-0743,10-09-2025,tarjeta,CLI-842,82814759,GBP,MEXICO,N,N
SYNTH-0881,10/09/2025,tarj,CLI-980,464571938,EUR,Peru,S,N
SYNTH-0946,01/01/2025,SEGURO,CLI-1045,395589,dolares,Peru,N,N
SYNTH-0124,15/03/2025,PRESTAMO,CLI-223,41347,EUR,Uruguay,S,N
SYNTH-0345,10/09/2025,TARJETA,CLI-444,1417,EUR,Uruguay,S,N
SYNTH-0213,22/11/2025,SEGURO,CLI-312,45590,ARS,Paraguay,N,N
SYNTH-0763,2025-03-20,PRESTAMO  ,CLI-862,13993, ARS,colombia  ,N,N
SYNTH-0158,28/06/2025,CUENTA,CLI-257,104265,EUR,Brasil,S,S
SYNTH-0136,18/07/2025,SERVICIO,CLI-235,44588,EUR,Peru,S,S
SYNTH-0499,10/09/2025,PRESTAMO,CLI-598,26261,ARS,Paraguay,S,S
SYNTH-0138,15/03/2025,PRESTAMO,CLI-237,398831,EUR,Argentina,N,N
SYNTH-0567,10-09-2025,  CUENTA ,CLI-666,454175, USD ,colombia  ,S,S
SYNTH-0260,22/11/2025,SERVICIO,CLI-359,34607,EUR,Peru,N,S
SYNTH-0458,10/09/2025,SEGURO,CLI-557,242680854,EUR,Uruguay,S,S
SYNTH-0759,20-06-2025,PRESTAMO  ,CLI-858,46561,usd ,  uruguay,N,S
SYNTH-0509,20-06-2025,  CUENTA ,CLI-608,69795, USD ,MEXICO,N,S
SYNTH-0544,20-06-2025,PRESTAMO  ,,464935, ARS,brasil,S,N
SYNTH-0203,18/07/2025,SEGURO,CLI-302,535264291,EUR,Mexico,N,N
SYNTH-0528,20-06-2025, Servicio,CLI-627,342287,GBP,  Argentina,N,S
SYNTH-0824,15.03.2025,CUENTA,CLI-923,282311,EUR,Brasil,S,S
SYNTH-0750,2025-03-20, Servicio,CLI-849,40426, USD , CHILE ,S,N
SYNTH-0995,marzo 2025,SEGURO,CLI-1094,674257808,pesos,Argentina,S,S
SYNTH-0518,2025-09-05,tarjeta,CLI-617,18393,usd ,MEXICO,N,S
SYNTH-0212,01/01/2025,SEGURO,CLI-311,389756939,USD,Brasil,N,N
SYNTH-0732,2025-09-05, Servicio,CLI-831,526902313,Eur,MEXICO,N,S
SYNTH-0625,2025-01-15,  CUENTA ,CLI-724,109186, USD ,brasil,N,N
SYNTH-0180,01/01/2025,PRESTAMO,CLI-279,25464,USD,Brasil,N,S
SYNTH-0742,15-03-2025,seguro,,243043220, ARS,  uruguay,S,N
SYNTH-0948,18/07/2025,CUENTA,CLI-1047,183677,moneda local,Chile,N,N
SYNTH-0615,32/13/2025,  CUENTA ,CLI-714,476998806, ARS,colombia  ,S,S
SYNTH-0101,22/11/2025,PRESTAMO,CLI-200,462991,ARS,Mexico,N,N
SYNTH-0650,2025-09-05,seguro,CLI-749,23112,Eur,MEXICO,S,S
SYNTH-0502,10-09-2025,tarjeta,CLI-601,463955,Eur,MEXICO,S,N
SYNTH-0283,22/11/2025,PRESTAMO,CLI-382,20644,USD,Mexico,S,N
SYNTH-0838,01/01/2025,prestamo personal,CLI-937,114706,EUR,Uruguay,N,S
SYNTH-0637,32/13/2025,PRESTAMO  ,CLI-736,747169884, USD ,MEXICO,S,N
SYNTH-0115,10/09/2025,SEGURO,CLI-214,24089,EUR,Mexico,S,S
SYNTH-0901,Q1 2025,SERVICIO,CLI-1000,909889367,USD,uy,S,S
SYNTH-0919,01/01/2025,cta,CLI-1018,7346,USD,mx,N,N
SYNTH-0523,15-03-2025,tarjeta,CLI-622,297121,Eur,brasil,N,N
SYNTH-0557,2025-03-20,PRESTAMO  ,CLI-656,34663407, USD ,  uruguay,N,N
SYNTH-0980,10/09/2025,PRESTAMO,CLI-1079,271647198,euros,Uruguay,N,S
SYNTH-0526,2025-06-10,PRESTAMO  ,CLI-625,99999999999,ars,MEXICO,N,N
SYNTH-0598,10-09-2025, Servicio,CLI-697,432816,Eur,  uruguay,S,S
SYNTH-0644,15-03-2025, Servicio,CLI-743,17839,GBP,brasil,S,N
SYNTH-0258,10/09/2025,SERVICIO,CLI-357,20869,EUR,Brasil,N,S
SYNTH-0228,18/07/2025,SERVICIO,CLI-327,108459269,ARS,Argentina,S,N
SYNTH-0495,10/09/2025,CUENTA,CLI-594,9381,ARS,Argentina,S,S
SYNTH-0052,10/09/2025,PRESTAMO,CLI-151,41060,USD,Paraguay,S,N
SYNTH-0835,22/11/2025,cta ahorro,CLI-934,26906,EUR,Mexico,N,S
SYNTH-0320,15/03/2025,SERVICIO,CLI-419,399764208,EUR,Chile,S,N
SYNTH-0703,2025-03-20,seguro,CLI-802,30193,ars,,S,N
SYNTH-0384,18/07/2025,SERVICIO,CLI-483,283715,USD,Peru,N,S
SYNTH-0255,30/12/2025,CUENTA,CLI-354,447721916,EUR,Chile,N,S
SYNTH-0483,22/11/2025,TARJETA,CLI-582,283146056,EUR,Brasil,S,S
SYNTH-0211,15/03/2025,PRESTAMO,CLI-310,188660,USD,Uruguay,S,N
SYNTH-0633,32/13/2025,  CUENTA ,CLI-732,343618, ARS, CHILE ,S,S
SYNTH-0316,01/01/2025,CUENTA,CLI-415,682154848,EUR,Uruguay,S,N
SYNTH-0647,2025-06-10,PRESTAMO  ,CLI-746,0,ars,brasil,N,N
SYNTH-0333,22/11/2025,CUENTA,CLI-432,34508,EUR,Uruguay,N,S
SYNTH-0774,2025-06-10,  CUENTA ,CLI-873,146019,Eur,brasil,N,N
SYNTH-0054,28/06/2025,SEGURO,CLI-153,31444,ARS,Peru,S,N
SYNTH-0972,15 de marzo del 2025,SEGURO,CLI-1071,42216,pesos,Chile,N,S
SYNTH-0413,15/03/2025,PRESTAMO,CLI-512,627108479,EUR,Brasil,N,S
SYNTH-0045,18/07/2025,SERVICIO,CLI-144,462315,EUR,Brasil,N,S
SYNTH-0051,05/04/2025,CUENTA,CLI-150,16392,ARS,Chile,S,S
SYNTH-0574,05-12-2025,  CUENTA ,CLI-673,154693,usd ,  uruguay,S,S
SYNTH-0464,22/11/2025,TARJETA,CLI-563,510374022,EUR,Argentina,S,N
SYNTH-0651,2025-01-15,PRESTAMO  ,CLI-750,112069593,GBP, CHILE ,S,N
SYNTH-0481,05/04/2025,TARJETA,CLI-580,794871616,USD,Mexico,N,S
SYNTH-0318,05/04/2025,CUENTA,CLI-417,102206,ARS,Brasil,S,N
SYNTH-0360,18/07/2025,SEGURO,CLI-459,81971,USD,Chile,N,S
SYNTH-0501,2025-06-10,seguro,CLI-600,1788711, USD ,MEXICO,N,N
SYNTH-0783,20-06-2025,seguro,CLI-882,99999999999, USD , CHILE ,N,S
SYNTH-0503,15-03-2025,PRESTAMO  ,CLI-602,304655270,ars,colombia  ,N,S
SYNTH-0349,28/06/2025,TARJETA,CLI-448,186835,USD,Uruguay,N,N
SYNTH-0353,28/06/2025,CUENTA,CLI-452,180139,EUR,Argentina,N,N
SYNTH-0338,22/11/2025,SEGURO,CLI-437,90407,EUR,Uruguay,S,N
SYNTH-0433,30/12/2025,SEGURO,CLI-532,434339,USD,Chile,S,N
SYNTH-0588,2025-01-15, Servicio,CLI-687,410785,usd ,MEXICO,N,N
SYNTH-0530,2025-06-10,tarjeta,CLI-629,473477, USD ,  uruguay,N,S
SYNTH-0580,32/13/2025,seguro,CLI-679,995160712, ARS,  Argentina,S,N
SYNTH-0278,18/07/2025,TARJETA,CLI-377,254275,ARS,Brasil,S,N
SYNTH-0734,32/13/2025,tarjeta,CLI-833,275801, USD ,colombia  ,S,N
SYNTH-0941,05/04/2025,CUENTA,CLI-1040,8864,USD,col,S,N
SYNTH-0284,10/09/2025,PRESTAMO,CLI-383,8010,USD,Uruguay,N,N
SYNTH-0091,15/03/2025,SEGURO,CLI-190,276508,EUR,Mexico,S,S
SYNTH-0192,05/04/2025,SERVICIO,CLI-291,28324236,ARS,Peru,N,S
SYNTH-0992,18/07/2025,CUENTA,CLI-1091,147915406,divisa extranjera,Argentina,S,N
SYNTH-0235,15/03/2025,PRESTAMO,CLI-334,44860,USD,Uruguay,S,S
SYNTH-0590,2025-09-05,tarjeta,CLI-689,84675,ars,colombia  ,N,N
SYNTH-0631,2025-06-10,PRESTAMO  ,CLI-730,99999999999,ars,colombia  ,S,S
SYNTH-0797,32/13/2025,PRESTAMO  ,CLI-896,46712,Eur,  uruguay,S,N
SYNTH-0437,18/07/2025,PRESTAMO,CLI-536,281404677,USD,Argentina,S,N
SYNTH-0517,05-12-2025, Servicio,CLI-616,960764763,Eur,brasil,S,N
SYNTH-0361,10/09/2025,SEGURO,CLI-460,840075664,USD,Peru,N,N
SYNTH-0421,30/12/2025,SEGURO,CLI-520,324789,EUR,Chile,N,N
SYNTH-0656,10-09-2025,tarjeta,CLI-755,-500,ars,colombia  ,S,S
SYNTH-0467,01/01/2025,SERVICIO,CLI-566,344433203,ARS,Brasil,S,S
SYNTH-0965,primer trimestre,SERVICIO,CLI-1064,296782,euros,Uruguay,N,S
SYNTH-0128,05/04/2025,TARJETA,CLI-227,40058,ARS,Mexico,S,S
SYNTH-0748,2025-06-10,tarjeta,CLI-847,178759, USD ,colombia  ,N,N
SYNTH-0315,15/03/2025,PRESTAMO,CLI-414,299242559,USD,Peru,N,N
SYNTH-0310,10/09/2025,TARJETA,CLI-409,358242,EUR,Paraguay,S,S
SYNTH-0017,15/03/2025,CUENTA,CLI-116,48966,EUR,Chile,S,N
SYNTH-0814,15.03.2025,CUENTA,CLI-913,254007571,EUR,Colombia,N,N
SYNTH-0380,22/11/2025,SERVICIO,CLI-479,20490,USD,Peru,S,S
SYNTH-0554,20-06-2025,PRESTAMO  ,CLI-653,685575266,GBP,  uruguay,S,S
SYNTH-0196,15/03/2025,TARJETA,CLI-295,174118,ARS,Uruguay,N,N
SYNTH-0215,28/06/2025,SERVICIO,CLI-314,32047,EUR,Chile,N,N
SYNTH-0357,28/06/2025,CUENTA,CLI-456,114240,ARS,Chile,N,N
SYNTH-0222,05/04/2025,SEGURO,CLI-321,829417720,EUR,Mexico,N,S
SYNTH-0832,15/03/2025,plastico,CLI-931,37353,USD,Paraguay,N,S
SYNTH-0171,22/11/2025,PRESTAMO,CLI-270,127254,ARS,Colombia,N,N
SYNTH-0431,15/03/2025,TARJETA,CLI-530,496824,EUR,Uruguay,N,S
SYNTH-0879,15/03/2025,tarjeta credito,CLI-978,157947,moneda local,Brasil,N,S
SYNTH-0224,30/12/2025,SERVICIO,CLI-323,467022,USD,Brasil,N,N
SYNTH-0038,18/07/2025,SEGURO,CLI-137,81292473,ARS,Argentina,N,S
SYNTH-0701,2025-06-10,seguro,CLI-800,211524,ars,brasil,N,N
SYNTH-0781,2025-09-05,PRESTAMO  ,CLI-880,6845,usd ,colombia  ,N,N
SYNTH-0953,22/11/2025,SEGURO,CLI-1052,18763,ARS,uy,N,S
SYNTH-0462,05/04/2025,CUENTA,CLI-561,47378,ARS,Brasil,S,N
SYNTH-0004,28/06/2025,TARJETA,CLI-103,103588,ARS,Uruguay,N,N
SYNTH-0534,32/13/2025, Servicio,CLI-633,91028529, USD , CHILE ,S,S
SYNTH-0653,2025-06-10,PRESTAMO  ,CLI-752,-1,ars,brasil,S,S
SYNTH-0417,30/12/2025,CUENTA,CLI-516,466194084,USD,Paraguay,N,N
SYNTH-0117,05/04/2025,PRESTAMO,CLI-216,142405501,USD,Mexico,S,N
SYNTH-0792,05-12-2025,tarjeta,CLI-891,468424312,GBP,brasil,S,N
SYNTH-0512,10-09-2025,seguro,CLI-611,0, ARS,  Argentina,N,N
SYNTH-0152,05/04/2025,TARJETA,CLI-251,22827,EUR,Brasil,S,N
SYNTH-0470,15/03/2025,CUENTA,CLI-569,270984160,ARS,Colombia,N,N
SYNTH-0155,30/12/2025,CUENTA,CLI-254,281845,USD,Argentina,N,S
SYNTH-0015,15/03/2025,SERVICIO,CLI-114,42874,ARS,Uruguay,S,S
SYNTH-0855,05/04/2025,plastico,CLI-954,14131,ARS,Uruguay,S,N
SYNTH-0332,18/07/2025,PRESTAMO,CLI-431,89006191,EUR,Chile,N,S
SYNTH-0997,15/03/2025,PRESTAMO,CLI-1096,12112,euros,Uruguay,S,N
SYNTH-0865,primer trimestre,SEGURO,CLI-964,137784,divisa extranjera,Uruguay,N,N
SYNTH-0570,2025-06-10,tarjeta,CLI-669,511445044, ARS,MEXICO,N,N
SYNTH-0011,30/12/2025,TARJETA,CLI-110,265314271,EUR,Mexico,N,N
SYNTH-0399,10/09/2025,CUENTA,CLI-498,17350,USD,Colombia,N,N
SYNTH-0364,10/09/2025,SERVICIO,CLI-463,850084484,ARS,Colombia,N,N
SYNTH-0448,18/07/2025,CUENTA,CLI-547,722206731,ARS,Peru,N,S
SYNTH-0929,15/03/2025,SERVICIO,CLI-1028,108397,moneda local,Colombia,S,N
SYNTH-0549,2025-01-15,  CUENTA ,CLI-648,460767,ars,brasil,N,S
SYNTH-0487,28/06/2025,TARJETA,CLI-586,38116,EUR,Peru,N,S
SYNTH-0494,15/03/2025,PRESTAMO,CLI-593,45251,EUR,Chile,N,S
SYNTH-0704,10-09-2025,tarjeta,CLI-803,1000000000, USD , CHILE ,S,N
SYNTH-0827,marzo 2025,PRESTAMO,CLI-926,2524,USD,Argentina,N,N
SYNTH-0204,10/09/2025,PRESTAMO,CLI-303,78854185,ARS,Chile,N,N
SYNTH-0810,Q1 2025,TARJETA,CLI-909,846975328,EUR,Peru,N,N
SYNTH-0305,30/12/2025,TARJETA,CLI-404,412756917,EUR,Peru,N,N
SYNTH-0799,10-09-2025, Servicio,CLI-898,31954,GBP,brasil,N,S
SYNTH-0439,01/01/2025,TARJETA,CLI-538,495040,ARS,Brasil,N,N
SYNTH-0882,30/12/2025,SERVICIO,CLI-981,53903,pesos,Paraguay,S,N
SYNTH-0899,10/09/2025,tarjeta credito,CLI-998,16961,ARS,Uruguay,N,N
SYNTH-0823,15 de marzo del 2025,SERVICIO,CLI-922,671342138,EUR,Paraguay,N,S
SYNTH-0266,10/09/2025,SEGURO,CLI-365,65407818,EUR,Peru,N,S
SYNTH-0220,18/07/2025,TARJETA,CLI-319,412022,EUR,Peru,S,S
SYNTH-0538,2025-06-10, Servicio,CLI-637,99999999999, USD ,colombia  ,N,S
SYNTH-0430,15/03/2025,CUENTA,CLI-529,387819,USD,Mexico,N,S
SYNTH-0463,18/07/2025,CUENTA,CLI-562,23898,EUR,Uruguay,N,N
SYNTH-0306,18/07/2025,PRESTAMO,CLI-405,89266910,ARS,Colombia,N,S
SYNTH-0084,15/03/2025,TARJETA,CLI-183,342591,EUR,Colombia,N,N
SYNTH-0812,22/11/2025,cuenta corriente,CLI-911,42660,EUR,Mexico,S,N
SYNTH-0281,22/11/2025,PRESTAMO,CLI-380,91445412,EUR,Colombia,S,N
SYNTH-0071,18/07/2025,SERVICIO,CLI-170,494141366,ARS,Paraguay,S,N
SYNTH-0146,22/11/2025,SEGURO,CLI-245,326266,ARS,Colombia,N,S
SYNTH-0657,2025-01-15,  CUENTA ,CLI-756,349550, USD ,  Argentina,N,S
SYNTH-0181,15/03/2025,SEGURO,CLI-280,49181,ARS,Uruguay,N,S
SYNTH-0259,10/09/2025,PRESTAMO,CLI-358,339449,USD,Peru,N,N
SYNTH-0804,05/04/2025,TARJETA,CLI-903,203157,divisa extranjera,Peru,S,S
SYNTH-0837,30/12/2025,cta,CLI-936,402692,EUR,Peru,N,S
SYNTH-0024,05/04/2025,CUENTA,CLI-123,204735260,USD,Chile,N,S
SYNTH-0789,05-12-2025,PRESTAMO  ,,473538,usd ,brasil,S,S
SYNTH-0809,Q1 2025,SEGURO,CLI-908,428301,USD,Argentina,N,S
SYNTH-0606,05-12-2025,seguro,CLI-705,381276,usd ,MEXICO,S,N
SYNTH-0678,2025-06-10,tarjeta,CLI-777,0,Eur,brasil,N,S
SYNTH-0441,15/03/2025,PRESTAMO,CLI-540,470092,ARS,Peru,N,N
SYNTH-0947,10/09/2025,cta,CLI-1046,13325,dolares,Colombia,N,N
SYNTH-0064,05/04/2025,PRESTAMO,CLI-163,444270,USD,Brasil,N,S
SYNTH-0811,15/03/2025,CUENTA,CLI-910,419252375,moneda local,Chile,N,S
SYNTH-0924,primer trimestre,CUENTA,CLI-1023,274352,EUR,Brasil,N,N
SYNTH-0582,10-09-2025,  CUENTA ,CLI-681,37368,GBP,colombia  ,S,S
SYNTH-0328,10/09/2025,SEGURO,CLI-427,203057661,USD,Mexico,S,S
SYNTH-0219,28/06/2025,TARJETA,CLI-318,3069,ARS,Argentina,N,N
SYNTH-0150,22/11/2025,CUENTA,CLI-249,27544,EUR,Peru,N,S
SYNTH-0932,10/09/2025,PRESTAMO,CLI-1031,158796774,USD,cl,S,N
SYNTH-0859,15/03/2025,tarj,CLI-958,209239112,EUR,Uruguay,S,S
SYNTH-0559,10-09-2025, Servicio,CLI-658,884879900,,MEXICO,S,S
SYNTH-0040,05/04/2025,SEGURO,CLI-139,27632,ARS,Chile,S,N
SYNTH-0693,32/13/2025,tarjeta,CLI-792,14386,Eur,colombia  ,S,N
SYNTH-0998,15/03/2025,cta,CLI-1097,129222,EUR,Uruguay,S,N
SYNTH-0118,30/12/2025,SERVICIO,CLI-217,49926,USD,Brasil,S,S
SYNTH-0488,10/09/2025,PRESTAMO,CLI-587,82958,ARS,Argentina,S,N
SYNTH-0218,22/11/2025,SEGURO,CLI-317,38855,EUR,Peru,S,N
SYNTH-0498,28/06/2025,SEGURO,CLI-597,44230,EUR,Uruguay,N,S
SYNTH-0351,30/12/2025,PRESTAMO,CLI-450,130140084,USD,Colombia,N,N
SYNTH-0325,28/06/2025,PRESTAMO,CLI-424,229266545,EUR,Chile,N,N
SYNTH-0790,2025-01-15,  CUENTA ,CLI-889,-1, USD ,colombia  ,N,N
SYNTH-0337,28/06/2025,SERVICIO,CLI-436,49033,USD,Paraguay,N,S
SYNTH-0412,05/04/2025,TARJETA,CLI-511,211002,USD,Mexico,N,N
SYNTH-0205,30/12/2025,PRESTAMO,CLI-304,14370,USD,Uruguay,N,N
SYNTH-0444,05/04/2025,CUENTA,CLI-543,492666,EUR,Peru,N,N
SYNTH-0407,05/04/2025,SERVICIO,CLI-506,220466,USD,Mexico,S,S
SYNTH-0111,10/09/2025,PRESTAMO,CLI-210,183158,EUR,Argentina,N,N
SYNTH-0185,05/04/2025,PRESTAMO,CLI-284,439708,USD,Chile,N,N
SYNTH-0777,2025-06-10,PRESTAMO  ,CLI-876,179058, ARS, CHILE ,S,N
SYNTH-0803,15/03/2025,CUENTA,CLI-902,29693,pesos,Brasil,S,S
SYNTH-0477,22/11/2025,TARJETA,CLI-576,720957042,ARS,Peru,S,N
SYNTH-0548,2025-03-20,tarjeta,CLI-647,42478,usd , CHILE ,S,N
SYNTH-0817,18/07/2025,tarjeta credito,CLI-916,536111739,USD,Peru,N,N
SYNTH-0478,15/03/2025,SERVICIO,CLI-577,779595531,USD,Uruguay,N,S
SYNTH-0935,primer trimestre,TARJETA,CLI-1034,337280,USD,Peru,N,N
SYNTH-0959,primer trimestre,CUENTA,CLI-1058,754902111,moneda local,Uruguay,S,S
SYNTH-0474,28/06/2025,PRESTAMO,CLI-573,36764,USD,Uruguay,S,S
SYNTH-0398,22/11/2025,SEGURO,CLI-497,838573131,EUR,Argentina,S,S
SYNTH-0229,30/12/2025,PRESTAMO,CLI-328,154573,USD,Mexico,S,S
SYNTH-0075,01/01/2025,SEGURO,CLI-174,259654085,USD,Peru,S,N
SYNTH-0409,22/11/2025,SERVICIO,CLI-508,417407019,ARS,Colombia,N,S
SYNTH-0776,2025-03-20, Servicio,CLI-875,156816,usd ,brasil,N,S
SYNTH-0163,18/07/2025,SERVICIO,CLI-262,755158901,EUR,Brasil,N,N
SYNTH-0385,22/11/2025,SEGURO,CLI-484,808206334,EUR,Brasil,S,N
SYNTH-0717,15-03-2025,  CUENTA ,CLI-816,49788,GBP,  uruguay,S,S
SYNTH-0108,18/07/2025,CUENTA,CLI-207,42533,USD,Chile,N,S
SYNTH-0159,10/09/2025,PRESTAMO,CLI-258,561796426,ARS,Uruguay,N,N
SYNTH-0766,10-09-2025,tarjeta,CLI-865,163019,usd ,colombia  ,S,N
SYNTH-0575,32/13/2025,seguro,CLI-674,486441, ARS, CHILE ,S,N
SYNTH-0887,10/09/2025,SEGURO,CLI-986,3925,moneda local,Peru,N,N
SYNTH-0059,05/04/2025,SEGURO,CLI-158,31534,USD,Paraguay,S,N
SYNTH-0636,2025-01-15,  CUENTA ,CLI-735,155114402, USD ,  uruguay,N,S
SYNTH-0044,18/07/2025,SEGURO,CLI-143,64471,ARS,Mexico,S,S
SYNTH-0270,15/03/2025,CUENTA,CLI-369,262483,EUR,Peru,S,S
SYNTH-0461,30/12/2025,TARJETA,CLI-560,130585,EUR,Argentina,N,N
SYNTH-0519,2025-03-20,  CUENTA ,CLI-618,-1, ARS,MEXICO,S,N
SYNTH-0984,30/12/2025,serv,CLI-1083,496943,EUR,Mexico,S,S
SYNTH-0961,marzo 2025,SERVICIO,CLI-1060,893559430,ARS,mx,N,N
SYNTH-0383,30/12/2025,PRESTAMO,CLI-482,98357475,EUR,Paraguay,S,N
SYNTH-0692,05-12-2025,  CUENTA ,CLI-791,6254,,  Argentina,S,S
SYNTH-0640,15-03-2025,PRESTAMO  ,CLI-739,562450075, ARS,,N,S
SYNTH-0525,15-03-2025,tarjeta,CLI-624,276608,usd ,brasil,S,N
SYNTH-0376,18/07/2025,SERVICIO,CLI-475,246791,EUR,Colombia,S,N
SYNTH-0452,10/09/2025,TARJETA,CLI-551,377244,EUR,Uruguay,S,S
SYNTH-0756,05-12-2025,PRESTAMO  ,CLI-855,256033,Eur,  Argentina,S,N
SYNTH-0635,2025-09-05,seguro,CLI-734,492147, USD ,brasil,N,S
SYNTH-0419,01/01/2025,CUENTA,CLI-518,42070,EUR,Uruguay,N,S
SYNTH-0828,15/03/2025,tarj,CLI-927,125516,ARS,cl,N,N
SYNTH-0861,15/03/2025,cta,CLI-960,407365214,ARS,uy,S,N
SYNTH-0685,2025-03-20,  CUENTA ,CLI-784,32443,GBP,MEXICO,S,N
SYNTH-0906,marzo 2025,PRESTAMO,CLI-1005,497765,EUR,Chile,S,N
SYNTH-0500,28/06/2025,PRESTAMO,CLI-599,42415192,EUR,Brasil,S,N
SYNTH-0884,primer trimestre,TARJETA,CLI-983,193320523,EUR,Paraguay,N,N
SYNTH-0127,05/04/2025,TARJETA,CLI-226,9252,ARS,Colombia,S,S
SYNTH-0875,marzo 2025,SERVICIO,CLI-974,10106,USD,Argentina,N,N
SYNTH-0666,2025-01-15, Servicio,CLI-765,7376,GBP,  Argentina,S,S
SYNTH-0453,05/04/2025,CUENTA,CLI-552,516293280,EUR,Paraguay,N,N
SYNTH-0263,22/11/2025,PRESTAMO,CLI-362,386433,USD,Chile,N,S
SYNTH-0485,28/06/2025,SERVICIO,CLI-584,957673769,EUR,Mexico,S,N
SYNTH-0843,01/01/2025,cuenta corriente,CLI-942,492679,ARS,Peru,N,N
SYNTH-0926,10/09/2025,plastico,CLI-1025,809298731,EUR,Brasil,S,N
SYNTH-0184,01/01/2025,TARJETA,CLI-283,19750,EUR,Uruguay,N,S
SYNTH-0073,22/11/2025,PRESTAMO,CLI-172,499476918,EUR,Paraguay,N,S
SYNTH-0092,10/09/2025,SEGURO,CLI-191,821655205,USD,Argentina,S,N
SYNTH-0990,marzo 2025,PRESTAMO,CLI-1089,12895,ARS,estados unidos mexicanos,S,N
SYNTH-0373,15/03/2025,PRESTAMO,CLI-472,10217,ARS,Uruguay,N,S
SYNTH-0591,32/13/2025,PRESTAMO  ,CLI-690,368731,Eur,colombia  ,S,S
SYNTH-0287,18/07/2025,SERVICIO,CLI-386,122786119,ARS,Chile,S,N
SYNTH-0070,18/07/2025,SERVICIO,CLI-169,315270,ARS,Paraguay,N,S
SYNTH-0739,15-03-2025,  CUENTA ,CLI-838,46610,Eur,colombia  ,N,N
SYNTH-0303,18/07/2025,SEGURO,CLI-402,351364,ARS,Peru,S,S
SYNTH-0174,01/01/2025,SERVICIO,CLI-273,31962,EUR,Peru,N,S
SYNTH-0322,15/03/2025,TARJETA,CLI-421,558249021,USD,Argentina,S,N
SYNTH-0846,30/12/2025,tarjeta credito,CLI-945,856509428,USD,Mexico,S,S
SYNTH-0097,01/01/2025,TARJETA,CLI-196,337950,USD,Peru,S,S
SYNTH-0511,32/13/2025,  CUENTA ,CLI-610,24575,usd ,  Argentina,N,N
SYNTH-0949,18/07/2025,tarj,CLI-1048,76261122,EUR,Mexico,S,N
SYNTH-0561,05-12-2025,PRESTAMO  ,CLI-660,1000000000,ars,colombia  ,N,S
SYNTH-0923,01/01/2025,cuenta corriente,CLI-1022,473393,EUR,Peru,S,N
SYNTH-0910,28/06/2025,plastico,CLI-1009,828645259,USD,Peru,N,S
SYNTH-0016,05/04/2025,PRESTAMO,CLI-115,108651,USD,Colombia,S,S
SYNTH-0753,2025-06-10,  CUENTA ,CLI-852,162255, USD ,,S,N
SYNTH-0970,Q1 2025,CUENTA,CLI-1069,301760,USD,Brasil,N,S
SYNTH-0643,2025-01-15, Servicio,CLI-742,0, USD ,  Argentina,S,S
SYNTH-0581,10-09-2025,tarjeta,CLI-680,231813,Eur,,N,S
SYNTH-0157,30/12/2025,SEGURO,CLI-256,37327,USD,Colombia,N,N
SYNTH-0077,30/12/2025,SEGURO,CLI-176,457381240,EUR,Uruguay,N,N
SYNTH-0622,2025-03-20,PRESTAMO  ,CLI-721,0,usd ,  uruguay,N,N
SYNTH-0626,32/13/2025,PRESTAMO  ,CLI-725,467731,ars,  uruguay,S,N
SYNTH-0214,05/04/2025,TARJETA,CLI-313,365865,EUR,Argentina,S,S
SYNTH-0245,28/06/2025,TARJETA,CLI-344,432358,USD,Paraguay,N,N
SYNTH-0397,10/09/2025,PRESTAMO,CLI-496,815999714,USD,Argentina,S,S
SYNTH-0700,15-03-2025,seguro,CLI-799,859038384, USD , CHILE ,S,N
SYNTH-0041,01/01/2025,TARJETA,CLI-140,224161,EUR,Colombia,N,S
SYNTH-0442,15/03/2025,PRESTAMO,CLI-541,49839,USD,Paraguay,S,S
SYNTH-0639,20-06-2025,  CUENTA ,CLI-738,519405206,Eur,  Argentina,N,S
SYNTH-0369,15/03/2025,SEGURO,CLI-468,401640045,EUR,Paraguay,S,N
SYNTH-0868,15/03/2025,TARJETA,CLI-967,477783949,USD,col,S,N
SYNTH-0348,15/03/2025,SEGURO,CLI-447,143859402,USD,Brasil,S,N
SYNTH-0135,30/12/2025,TARJETA,CLI-234,227698,USD,Paraguay,S,N
SYNTH-0459,22/11/2025,PRESTAMO,CLI-558,12627,ARS,Brasil,N,S
SYNTH-0350,22/11/2025,TARJETA,CLI-449,146648981,ARS,Chile,S,S
SYNTH-0536,15-03-2025,seguro,CLI-635,-1,usd ,MEXICO,N,N
SYNTH-0668,2025-01-15,seguro,CLI-767,12367,GBP,brasil,N,S
SYNTH-0624,32/13/2025,tarjeta,CLI-723,373456, USD ,brasil,N,N
SYNTH-0529,2025-06-10, Servicio,CLI-628,-1, USD ,  uruguay,N,S
SYNTH-0841,15/03/2025,SERVICIO,CLI-940,38296,dolar,Colombia,S,S
SYNTH-0851,15.03.2025,CUENTA,CLI-950,23257,USD,Uruguay,S,S
SYNTH-0889,15.03.2025,plastico,CLI-988,279494,USD,Chile,S,S
SYNTH-0976,10/09/2025,serv,CLI-1075,975975092,ARS,Paraguay,S,N
SYNTH-0698,2025-09-05,seguro,CLI-797,68188,Eur,brasil,N,N
SYNTH-0221,10/09/2025,SEGURO,CLI-320,514146934,USD,Uruguay,S,N
SYNTH-0238,15/03/2025,SERVICIO,CLI-337,25087,ARS,Peru,S,N
SYNTH-0768,05-12-2025,,CLI-867,427371123,usd ,  uruguay,N,N
SYNTH-0641,2025-01-15,PRESTAMO  ,CLI-740,1000000000,ars,  uruguay,N,N
SYNTH-0931,28/06/2025,SEGURO,CLI-1030,44499,ARS,republica argentina,S,N
SYNTH-0475,15/03/2025,CUENTA,CLI-574,350270,EUR,Brasil,N,S
SYNTH-0699,15-03-2025,  CUENTA ,CLI-798,-1, USD , CHILE ,S,S
SYNTH-0156,22/11/2025,PRESTAMO,CLI-255,69718,USD,Brasil,S,N
SYNTH-0166,18/07/2025,TARJETA,CLI-265,893149958,EUR,Chile,N,S
SYNTH-0298,18/07/2025,TARJETA,CLI-397,385796,USD,Argentina,S,N
SYNTH-0039,18/07/2025,TARJETA,CLI-138,3741,USD,Colombia,S,S
SYNTH-0601,2025-01-15,,CLI-700,78870, ARS,brasil,S,N
SYNTH-0816,primer trimestre,tarjeta credito,CLI-915,98365,ARS,Peru,S,N
SYNTH-0392,18/07/2025,SERVICIO,CLI-491,521892698,EUR,Peru,S,S
SYNTH-0602,2025-03-20,,CLI-701,134587,ars,  uruguay,S,N
SYNTH-0025,22/11/2025,PRESTAMO,CLI-124,476308014,ARS,Argentina,S,S
SYNTH-0880,01/01/2025,TARJETA,CLI-979,22415,ARS,cl,N,N
SYNTH-0515,32/13/2025,seguro,CLI-614,302692, ARS,colombia  ,S,S
SYNTH-0104,18/07/2025,TARJETA,CLI-203,136055900,EUR,Uruguay,S,N
SYNTH-0883,2025/03/15,SEGURO,CLI-982,436553,EUR,Peru,N,N
SYNTH-0418,18/07/2025,CUENTA,CLI-517,214619422,USD,Argentina,N,S
SYNTH-0340,01/01/2025,CUENTA,CLI-439,74108,USD,Chile,S,S
SYNTH-0100,30/12/2025,PRESTAMO,CLI-199,16973,USD,Colombia,S,S
SYNTH-0691,05-12-2025,seguro,CLI-790,484929,,  uruguay,N,N
SYNTH-0950,28/06/2025,SERVICIO,CLI-1049,28320500,dolares,Brasil,N,S
SYNTH-0133,15/03/2025,CUENTA,CLI-232,22109,ARS,Mexico,N,N
SYNTH-0365,28/06/2025,TARJETA,CLI-464,341954589,EUR,Uruguay,S,N
SYNTH-0744,10-09-2025,PRESTAMO  ,CLI-843,377662,GBP,brasil,S,S
SYNTH-0401,30/12/2025,SEGURO,CLI-500,143105,EUR,Uruguay,N,S
SYNTH-0769,32/13/2025,  CUENTA ,CLI-868,173125,ars,  uruguay,S,S
SYNTH-0805,28/06/2025,CUENTA,CLI-904,14231,ARS,estados unidos mexicanos,N,N
SYNTH-0513,2025-09-05,PRESTAMO  ,CLI-612,-500,usd ,colombia  ,S,S
SYNTH-0408,10/09/2025,CUENTA,CLI-507,261864,EUR,Chile,S,N
SYNTH-0290,18/07/2025,SEGURO,CLI-389,449646951,ARS,Uruguay,S,S
SYNTH-0366,28/06/2025,SEGURO,CLI-465,488671,EUR,Mexico,S,N
SYNTH-0009,22/11/2025,SEGURO,CLI-108,15392,ARS,Argentina,N,N
SYNTH-0785,05-12-2025,seguro,CLI-884,0,Eur,colombia  ,N,S
SYNTH-0096,01/01/2025,SEGURO,CLI-195,31276,EUR,Uruguay,N,N
SYNTH-0323,15/03/2025,PRESTAMO,CLI-422,46484,ARS,Paraguay,S,S
SYNTH-0050,30/12/2025,PRESTAMO,CLI-149,229960135,USD,Chile,S,N
SYNTH-0047,15/03/2025,SERVICIO,CLI-146,41839,EUR,Mexico,N,N
SYNTH-0496,28/06/2025,SERVICIO,CLI-595,435855407,EUR,Argentina,N,S
SYNTH-0578,15-03-2025,  CUENTA ,CLI-677,31471, USD ,  uruguay,N,N
SYNTH-0046,22/11/2025,CUENTA,CLI-145,2315993,EUR,Colombia,N,N
SYNTH-0579,2025-01-15, Servicio,CLI-678,252650,,  uruguay,S,N
SYNTH-0584,2025-06-10,seguro,CLI-683,36478,usd , CHILE ,S,N
SYNTH-0088,30/12/2025,CUENTA,CLI-187,172382,EUR,Colombia,N,S
SYNTH-0276,22/11/2025,PRESTAMO,CLI-375,382549367,USD,Paraguay,S,N
SYNTH-0247,18/07/2025,SEGURO,CLI-346,9345,ARS,Mexico,N,N
SYNTH-0034,05/04/2025,CUENTA,CLI-133,17009,USD,Mexico,S,N
SYNTH-0654,2025-03-20,PRESTAMO  ,,458969930,Eur, CHILE ,S,S
SYNTH-0207,30/12/2025,TARJETA,CLI-306,100758,USD,Paraguay,S,S
SYNTH-0922,22/11/2025,plastico,CLI-1021,664450074,EUR,Peru,N,S
SYNTH-0193,22/11/2025,SERVICIO,CLI-292,230893233,USD,Peru,S,S
SYNTH-0317,10/09/2025,PRESTAMO,CLI-416,309374,USD,Uruguay,S,N
SYNTH-0775,05-12-2025,  CUENTA ,CLI-874,761814244, USD ,colombia  ,N,S
SYNTH-0850,18/07/2025,plastico,CLI-949,708873287,ARS,Peru,N,N
SYNTH-0612,32/13/2025,seguro,CLI-711,223917, ARS,brasil,N,S
SYNTH-0829,28/06/2025,CUENTA,CLI-928,80672,pesos,uy,S,N
SYNTH-0067,22/11/2025,SERVICIO,CLI-166,652527026,EUR,Brasil,S,N
SYNTH-0110,28/06/2025,TARJETA,CLI-209,91403,EUR,Colombia,N,S
SYNTH-0555,20-06-2025,  CUENTA ,CLI-654,-1,usd ,MEXICO,N,S
SYNTH-0167,18/07/2025,SERVICIO,CLI-266,427271,EUR,Mexico,N,S
SYNTH-0289,10/09/2025,SERVICIO,CLI-388,130816,USD,Brasil,N,N
SYNTH-0246,18/07/2025,CUENTA,CLI-345,939544905,ARS,Uruguay,S,S
SYNTH-0029,01/01/2025,SEGURO,CLI-128,987684410,ARS,Argentina,S,S
SYNTH-0344,22/11/2025,SEGURO,CLI-443,20917,USD,Uruguay,N,S
SYNTH-0930,18/07/2025,SEGURO,CLI-1029,49294,dolar,Colombia,N,N
SYNTH-0618,15-03-2025,  CUENTA ,CLI-717,99999999999,usd , CHILE ,S,S
SYNTH-0942,18/07/2025,PRESTAMO,CLI-1041,418437,dolar,cl,S,N
SYNTH-0819,15/03/2025,tarjeta credito,CLI-918,397339907,USD,arg,S,S
SYNTH-0107,30/12/2025,SEGURO,CLI-206,3352,EUR,Mexico,S,S
SYNTH-0112,28/06/2025,CUENTA,CLI-211,231176,EUR,Paraguay,N,N
SYNTH-0277,15/03/2025,SEGURO,CLI-376,265123438,ARS,Brasil,N,S
SYNTH-0200,28/06/2025,SERVICIO,CLI-299,372039453,USD,Brasil,N,S
SYNTH-0905,"Mar 15, 2025",PRESTAMO,CLI-1004,238525,ARS,Peru,N,N
SYNTH-0663,15-03-2025,PRESTAMO  ,,487388, ARS,  Argentina,N,S
SYNTH-0904,"Mar 15, 2025",TARJETA,CLI-1003,153566,ARS,Colombia,N,N
SYNTH-0903,01/01/2025,tarj,CLI-1002,14383,EUR,Colombia,S,S
SYNTH-0169,18/07/2025,SEGURO,CLI-268,35567,EUR,Chile,N,S
SYNTH-0390,05/04/2025,SERVICIO,CLI-489,35058,EUR,Paraguay,S,N
SYNTH-0415,18/07/2025,SEGURO,CLI-514,340214151,ARS,Brasil,N,N
SYNTH-0857,01/01/2025,prestamo personal,CLI-956,15378,EUR,Colombia,N,S
SYNTH-0669,05-12-2025,,CLI-768,39141,ars,colombia  ,S,S
SYNTH-0321,22/11/2025,TARJETA,CLI-420,98424384,ARS,Argentina,S,N
SYNTH-0897,18/07/2025,TARJETA,CLI-996,682705575,USD,estados unidos mexicanos,S,N
SYNTH-0480,22/11/2025,SEGURO,CLI-579,346513,USD,Paraguay,S,S
SYNTH-0710,05-12-2025,tarjeta,CLI-809,-1, USD ,  Argentina,N,N
SYNTH-0080,22/11/2025,TARJETA,CLI-179,24650,EUR,Chile,N,S
SYNTH-0620,2025-09-05,seguro,CLI-719,338026,usd ,  uruguay,N,S
SYNTH-0573,20-06-2025, Servicio,CLI-672,370430808,GBP, CHILE ,S,N
SYNTH-0764,2025-03-20, Servicio,CLI-863,12149,ars,colombia  ,N,N
SYNTH-0189,15/03/2025,PRESTAMO,CLI-288,860670256,EUR,Chile,S,S
SYNTH-0402,22/11/2025,CUENTA,CLI-501,19682,ARS,Colombia,S,S
SYNTH-0951,18/07/2025,cta ahorro,CLI-1050,385638,USD,Mexico,S,S
SYNTH-0916,28/06/2025,TARJETA,CLI-1015,195904185,pesos,estados unidos mexicanos,S,S
SYNTH-0634,20-06-2025,PRESTAMO  ,CLI-733,467781754,usd ,  uruguay,S,N
SYNTH-0411,30/12/2025,TARJETA,CLI-510,779163221,ARS,Uruguay,S,S
SYNTH-0217,30/12/2025,CUENTA,CLI-316,25140,USD,Mexico,S,N
SYNTH-0761,10-09-2025, Servicio,CLI-860,938419754,GBP, CHILE ,S,N
SYNTH-0129,01/01/2025,TARJETA,CLI-228,1973,EUR,Uruguay,S,S
SYNTH-0909,Q1 2025,SERVICIO,CLI-1008,331009355,EUR,Brasil,N,S
SYNTH-0535,32/13/2025,tarjeta,CLI-634,35520, ARS,  uruguay,N,N
SYNTH-0095,18/07/2025,SEGURO,CLI-194,288460,USD,Uruguay,S,N
SYNTH-0279,30/12/2025,SERVICIO,CLI-378,18679,ARS,Paraguay,N,N
SYNTH-0161,15/03/2025,SEGURO,CLI-260,252671,EUR,Chile,N,S
SYNTH-0918,15/03/2025,serv,CLI-1017,32354321,ARS,Peru,N,S
SYNTH-0233,10/09/2025,CUENTA,CLI-332,135194,EUR,Mexico,S,S
SYNTH-0727,05-12-2025,  CUENTA ,CLI-826,561704450,,  Argentina,S,N
SYNTH-0314,30/12/2025,TARJETA,CLI-413,289032841,USD,Paraguay,N,S
SYNTH-0514,32/13/2025,seguro,CLI-613,181147, USD ,MEXICO,N,S
SYNTH-0586,20-06-2025,PRESTAMO  ,CLI-685,476172444,Eur,brasil,S,S
SYNTH-0265,01/01/2025,CUENTA,CLI-364,905175499,ARS,Brasil,S,S
SYNTH-0729,15-03-2025,,CLI-828,716338989, USD ,colombia  ,N,S
SYNTH-0568,10-09-2025,  CUENTA ,CLI-667,324928,ars,MEXICO,S,N
SYNTH-0466,15/03/2025,PRESTAMO,CLI-565,333240,ARS,Uruguay,N,N
SYNTH-0697,2025-06-10,tarjeta,CLI-796,111299,GBP,brasil,N,N
SYNTH-0434,18/07/2025,PRESTAMO,CLI-533,414658851,USD,Paraguay,S,S
SYNTH-0406,05/04/2025,SEGURO,CLI-505,361308,USD,Brasil,N,S
SYNTH-0012,05/04/2025,TARJETA,CLI-111,10065,ARS,Brasil,S,S
SYNTH-0165,28/06/2025,CUENTA,CLI-264,20385,EUR,Argentina,N,S
SYNTH-0516,20-06-2025,seguro,CLI-615,55098,, CHILE ,S,N
SYNTH-0178,18/07/2025,CUENTA,CLI-277,258803888,USD,Chile,S,N
SYNTH-0770,15-03-2025,PRESTAMO  ,CLI-869,142489741, ARS,MEXICO,S,N
SYNTH-0619,20-06-2025,PRESTAMO  ,CLI-718,44982,usd , CHILE ,S,S
SYNTH-0033,01/01/2025,PRESTAMO,CLI-132,41708,EUR,Colombia,N,S
SYNTH-0658,32/13/2025,PRESTAMO  ,CLI-757,129486, USD ,MEXICO,S,N
SYNTH-0937,28/06/2025,SEGURO,CLI-1036,281675,USD,cl,S,S
SYNTH-0160,18/07/2025,PRESTAMO,CLI-259,23175,EUR,Uruguay,S,N
SYNTH-0114,22/11/2025,CUENTA,CLI-213,44137,EUR,Argentina,N,N
SYNTH-0294,15/03/2025,SERVICIO,CLI-393,125128498,ARS,Uruguay,N,N
SYNTH-0014,22/11/2025,SERVICIO,CLI-113,8310,USD,Argentina,N,S
SYNTH-0712,2025-06-10, Servicio,CLI-811,99999999999, USD ,  uruguay,N,S
SYNTH-0661,2025-01-15,PRESTAMO  ,CLI-760,321409586, USD ,  Argentina,N,N
SYNTH-0801,22/11/2025,cuenta corriente,CLI-900,188098578,ARS,bra,N,N
SYNTH-0455,28/06/2025,SERVICIO,CLI-554,45786,EUR,Mexico,S,S
SYNTH-0346,01/01/2025,PRESTAMO,CLI-445,49370,ARS,Colombia,N,N
SYNTH-0740,05-12-2025,  CUENTA ,CLI-839,-1, USD ,MEXICO,N,S
SYNTH-0422,05/04/2025,TARJETA,CLI-521,11805,ARS,Colombia,S,S
SYNTH-0877,05/04/2025,tarjeta credito,CLI-976,25990,dolar,Paraguay,S,N
SYNTH-0307,22/11/2025,TARJETA,CLI-406,201347,EUR,Peru,S,S
SYNTH-0716,2025-06-10,  CUENTA ,CLI-815,335049463,Eur,brasil,N,N
SYNTH-0541,2025-09-05,  CUENTA ,CLI-640,12954,GBP,MEXICO,N,N
SYNTH-0952,18/07/2025,plastico,CLI-1051,25814,ARS,mx,N,S
SYNTH-0144,28/06/2025,TARJETA,CLI-243,41490,USD,Peru,N,N
SYNTH-0762,2025-03-20,PRESTAMO  ,CLI-861,145363,ars,brasil,S,S
SYNTH-0482,05/04/2025,PRESTAMO,CLI-581,283496,USD,Brasil,S,S
SYNTH-0993,primer trimestre,cta,CLI-1092,43236,ARS,Mexico,S,S
SYNTH-0784,2025-06-10,PRESTAMO  ,CLI-883,42332,ars, CHILE ,N,S
SYNTH-0154,28/06/2025,PRESTAMO,CLI-253,605806364,USD,Uruguay,N,S
SYNTH-0427,15/03/2025,SERVICIO,CLI-526,461441,ARS,Colombia,N,S
SYNTH-0834,01/01/2025,prestamo personal,CLI-933,269889967,USD,uy,S,N
SYNTH-0852,10/09/2025,tarj,CLI-951,316810,USD,Peru,N,S
SYNTH-0583,10-09-2025,tarjeta,CLI-682,130085,ars, CHILE ,N,S
SYNTH-0013,18/07/2025,SEGURO,CLI-112,410260585,USD,Mexico,S,S
SYNTH-0079,10/09/2025,TARJETA,CLI-178,297389216,EUR,Mexico,S,S
SYNTH-0251,10/09/2025,SEGURO,CLI-350,642509210,USD,Colombia,N,S
SYNTH-0081,01/01/2025,SEGURO,CLI-180,136091569,USD,Brasil,S,N
SYNTH-0145,30/12/2025,PRESTAMO,CLI-244,811114026,ARS,Uruguay,N,S
SYNTH-0375,15/03/2025,CUENTA,CLI-474,471035290,USD,Chile,N,N
SYNTH-0151,18/07/2025,CUENTA,CLI-250,278420,EUR,Brasil,N,N
SYNTH-0031,15/03/2025,PRESTAMO,CLI-130,607407789,USD,Mexico,S,N
SYNTH-0162,28/06/2025,SERVICIO,CLI-261,750487148,USD,Chile,S,N
SYNTH-0892,marzo 2025,tarjeta credito,CLI-991,14221,ARS,Brasil,S,N
SYNTH-0609,15-03-2025,seguro,CLI-708,37044,,  uruguay,N,N
SYNTH-0858,05/04/2025,PRESTAMO,CLI-957,14455,euros,Argentina,S,N
SYNTH-0489,18/07/2025,PRESTAMO,CLI-588,43347339,USD,Brasil,N,N
SYNTH-0076,30/12/2025,PRESTAMO,CLI-175,2130,USD,Colombia,N,N
SYNTH-0596,32/13/2025,  CUENTA ,CLI-695,483037878,Eur,  Argentina,N,S
SYNTH-0679,32/13/2025,tarjeta,CLI-778,3103,Eur,brasil,S,N
SYNTH-0109,01/01/2025,SERVICIO,CLI-208,203810,USD,Chile,S,N
SYNTH-0719,2025-09-05,,CLI-818,708942873,ars,  Argentina,N,S
SYNTH-0056,30/12/2025,SERVICIO,CLI-155,490331,EUR,Peru,S,N
SYNTH-0381,05/04/2025,CUENTA,CLI-480,316770057,EUR,Peru,S,S
SYNTH-0987,22/11/2025,SERVICIO,CLI-1086,4752,divisa extranjera,Uruguay,S,N
SYNTH-0912,15 de marzo del 2025,SEGURO,CLI-1011,38902,ARS,bra,S,N
SYNTH-0027,01/01/2025,PRESTAMO,CLI-126,461079,USD,Paraguay,N,S
SYNTH-0751,2025-09-05,  CUENTA ,CLI-850,38419,ars,  uruguay,N,N
SYNTH-0387,30/12/2025,SERVICIO,CLI-486,969849639,ARS,Chile,S,N
SYNTH-0147,01/01/2025,TARJETA,CLI-246,20753,USD,Mexico,N,S
SYNTH-0721,2025-06-10, Servicio,CLI-820,38994,ars,  uruguay,S,S
SYNTH-0713,2025-03-20,seguro,CLI-812,1000000000, ARS,MEXICO,S,N
SYNTH-0121,01/01/2025,SEGURO,CLI-220,983248550,ARS,Brasil,N,N
SYNTH-0979,10/09/2025,prestamo personal,CLI-1078,587384757,euros,Mexico,N,S
SYNTH-0765,2025-09-05,tarjeta,CLI-864,476463,Eur,  uruguay,N,N
SYNTH-0058,28/06/2025,TARJETA,CLI-157,164573401,ARS,Brasil,N,N
SYNTH-0230,10/09/2025,SEGURO,CLI-329,49410,ARS,Paraguay,S,S
SYNTH-0848,01/01/2025,tarjeta credito,CLI-947,21531,ARS,Argentina,N,S
SYNTH-0216,28/06/2025,PRESTAMO,CLI-315,437617,EUR,Uruguay,N,N
SYNTH-0249,18/07/2025,SEGURO,CLI-348,2025,ARS,Argentina,N,S
SYNTH-0958,30/12/2025,cta,CLI-1057,546693522,ARS,Peru,N,S
SYNTH-0565,05-12-2025, Servicio,,122566,ars,brasil,S,N
SYNTH-0874,primer trimestre,CUENTA,CLI-973,493444,EUR,Paraguay,S,N
SYNTH-0856,Q1 2025,SERVICIO,CLI-955,360912698,USD,Paraguay,N,S
SYNTH-0148,01/01/2025,PRESTAMO,CLI-247,49956,USD,Colombia,N,S
SYNTH-0472,15/03/2025,SEGURO,CLI-571,3982,USD,Brasil,N,N
SYNTH-0302,28/06/2025,SERVICIO,CLI-401,8724,ARS,Uruguay,S,N
SYNTH-0143,18/07/2025,PRESTAMO,CLI-242,228728,USD,Uruguay,S,S
SYNTH-0839,"Mar 15, 2025",plastico,CLI-938,238356111,ARS,Mexico,N,S
SYNTH-0798,32/13/2025,seguro,CLI-897,976606645,Eur,MEXICO,N,S
SYNTH-0888,2025/03/15,CUENTA,CLI-987,123639629,ARS,Uruguay,N,N
SYNTH-0933,15/03/2025,SERVICIO,CLI-1032,514052191,ARS,estados unidos mexicanos,N,N
SYNTH-0870,10/09/2025,SERVICIO,CLI-969,43293,euros,Brasil,N,S
SYNTH-0370,22/11/2025,SERVICIO,CLI-469,132578,EUR,Peru,N,S
SYNTH-0358,30/12/2025,CUENTA,CLI-457,26082,USD,Colombia,S,N
SYNTH-0934,28/06/2025,plastico,CLI-1033,242168931,EUR,Argentina,S,N
SYNTH-0062,28/06/2025,SEGURO,CLI-161,64139,EUR,Argentina,S,N
SYNTH-0113,22/11/2025,TARJETA,CLI-212,26211,ARS,Paraguay,N,N
SYNTH-0137,15/03/2025,CUENTA,CLI-236,799996316,USD,Chile,S,N
SYNTH-0486,15/03/2025,PRESTAMO,CLI-585,11872731,ARS,Chile,S,N
SYNTH-0572,32/13/2025,tarjeta,CLI-671,189596,Eur,  uruguay,S,S
SYNTH-0372,28/06/2025,CUENTA,CLI-471,420978828,ARS,Chile,N,S
SYNTH-0018,28/06/2025,SERVICIO,CLI-117,35581,EUR,Colombia,N,N
SYNTH-0872,28/06/2025,SEGURO,CLI-971,54475,USD,uy,N,N
SYNTH-0209,30/12/2025,CUENTA,CLI-308,256173,ARS,Colombia,N,S
SYNTH-0003,10/09/2025,PRESTAMO,CLI-102,39618,ARS,Paraguay,N,N
SYNTH-0371,05/04/2025,TARJETA,CLI-470,44616,USD,Mexico,N,S
SYNTH-0241,28/06/2025,SERVICIO,CLI-340,125311771,ARS,Peru,S,N
SYNTH-0090,30/12/2025,CUENTA,CLI-189,327015426,USD,Mexico,N,N
SYNTH-0720,15-03-2025,,CLI-819,133422318,usd ,MEXICO,S,S
SYNTH-0225,05/04/2025,TARJETA,CLI-324,309340721,ARS,Uruguay,N,N
SYNTH-0767,2025-01-15, Servicio,CLI-866,173463,usd , CHILE ,N,S
SYNTH-0831,01/01/2025,cuenta corriente,CLI-930,31462,USD,Argentina,N,S
SYNTH-0985,22/11/2025,CUENTA,CLI-1084,127668,dolares,Mexico,S,S
SYNTH-0796,2025-01-15,seguro,,271252,ars,  Argentina,N,N
SYNTH-0592,2025-01-15,tarjeta,CLI-691,425284284, ARS,MEXICO,N,S
SYNTH-0540,32/13/2025,PRESTAMO  ,CLI-639,187878,usd ,MEXICO,N,N
SYNTH-0432,15/03/2025,CUENTA,CLI-531,149099902,EUR,Chile,N,N
SYNTH-0733,10-09-2025,  CUENTA ,CLI-832,285991, USD ,colombia  ,S,S
SYNTH-0595,20-06-2025,PRESTAMO  ,CLI-694,487635979,GBP,colombia  ,S,N
SYNTH-0086,10/09/2025,SERVICIO,CLI-185,44281,ARS,Brasil,S,S
SYNTH-0394,05/04/2025,TARJETA,CLI-493,440988,USD,Argentina,N,N
SYNTH-0236,22/11/2025,PRESTAMO,CLI-335,284219,USD,Mexico,S,N
SYNTH-0842,22/11/2025,SEGURO,CLI-941,324245,dolares,Argentina,N,N
SYNTH-0550,2025-06-10,PRESTAMO  ,CLI-649,409633, ARS,  Argentina,N,S
SYNTH-0546,2025-01-15,tarjeta,CLI-645,1000000000,ars,  uruguay,S,N
SYNTH-0505,2025-06-10,PRESTAMO  ,CLI-604,356903,GBP,colombia  ,N,N
SYNTH-0547,2025-06-10,  CUENTA ,CLI-646,49806,,colombia  ,N,S
SYNTH-0552,15-03-2025,  CUENTA ,CLI-651,470262051,Eur,MEXICO,N,S
SYNTH-0510,05-12-2025,PRESTAMO  ,CLI-609,913790048,ars, CHILE ,S,S
SYNTH-0563,05-12-2025,PRESTAMO  ,CLI-662,27023,Eur,,S,S
SYNTH-0429,10/09/2025,CUENTA,CLI-528,1835,EUR,Peru,S,S
SYNTH-0393,22/11/2025,PRESTAMO,CLI-492,654038610,EUR,Paraguay,S,N
SYNTH-0252,10/09/2025,PRESTAMO,CLI-351,65952765,EUR,Chile,N,N
SYNTH-0944,28/06/2025,CUENTA,CLI-1043,284479,pesos,Argentina,S,S
SYNTH-0670,2025-01-15,tarjeta,CLI-769,700317449,Eur,colombia  ,N,S
SYNTH-0967,22/11/2025,cta,CLI-1066,452605186,USD,Argentina,S,S
SYNTH-0822,30/12/2025,SERVICIO,CLI-921,896494587,EUR,cl,S,N
SYNTH-0142,28/06/2025,SEGURO,CLI-241,44079,EUR,Argentina,S,S
SYNTH-0342,15/03/2025,SEGURO,CLI-441,45127,EUR,Argentina,N,S
SYNTH-0652,2025-01-15,  CUENTA ,CLI-751,61576483,usd ,MEXICO,S,S
SYNTH-0813,marzo 2025,CUENTA,CLI-912,673724888,USD,Brasil,S,S
SYNTH-0617,05-12-2025,,CLI-716,47771,Eur,  Argentina,S,N
SYNTH-0424,01/01/2025,SEGURO,CLI-523,116585931,ARS,Argentina,S,N
SYNTH-0711,32/13/2025, Servicio,CLI-810,34588,Eur,brasil,S,S
SYNTH-0493,28/06/2025,SERVICIO,CLI-592,40454,EUR,Colombia,N,N
SYNTH-0435,28/06/2025,CUENTA,CLI-534,447206353,USD,Peru,S,N
SYNTH-0507,2025-06-10,  CUENTA ,CLI-606,841357165,,  Argentina,S,N
SYNTH-0327,05/04/2025,TARJETA,CLI-426,17238,ARS,Mexico,S,N
SYNTH-0362,05/04/2025,PRESTAMO,CLI-461,144276,EUR,Colombia,S,N
SYNTH-0395,22/11/2025,SERVICIO,CLI-494,748020638,ARS,Colombia,S,N
SYNTH-0786,2025-06-10, Servicio,CLI-885,324251,ars,  Argentina,S,S
SYNTH-0187,22/11/2025,SERVICIO,CLI-286,352601317,USD,Mexico,N,N
SYNTH-0131,05/04/2025,SEGURO,CLI-230,485837127,ARS,Argentina,N,N
SYNTH-0331,01/01/2025,SEGURO,CLI-430,5425,ARS,Argentina,N,N
SYNTH-0093,30/12/2025,SERVICIO,CLI-192,468527937,USD,Brasil,N,N
SYNTH-0149,18/07/2025,CUENTA,CLI-248,29588,USD,Paraguay,N,N
SYNTH-0286,10/09/2025,PRESTAMO,CLI-385,143134,USD,Peru,S,N
SYNTH-0745,32/13/2025, Servicio,CLI-844,869085705, USD ,MEXICO,S,S
SYNTH-0983,primer trimestre,PRESTAMO,CLI-1082,27270,ARS,Argentina,S,S
